-- MariaDB dump 10.19  Distrib 10.4.32-MariaDB, for Win64 (AMD64)
--
-- Host: localhost    Database: retail
-- ------------------------------------------------------
-- Server version	10.4.32-MariaDB

/*!40101 SET @OLD_CHARACTER_SET_CLIENT=@@CHARACTER_SET_CLIENT */;
/*!40101 SET @OLD_CHARACTER_SET_RESULTS=@@CHARACTER_SET_RESULTS */;
/*!40101 SET @OLD_COLLATION_CONNECTION=@@COLLATION_CONNECTION */;
/*!40101 SET NAMES utf8mb4 */;
/*!40103 SET @OLD_TIME_ZONE=@@TIME_ZONE */;
/*!40103 SET TIME_ZONE='+00:00' */;
/*!40014 SET @OLD_UNIQUE_CHECKS=@@UNIQUE_CHECKS, UNIQUE_CHECKS=0 */;
/*!40014 SET @OLD_FOREIGN_KEY_CHECKS=@@FOREIGN_KEY_CHECKS, FOREIGN_KEY_CHECKS=0 */;
/*!40101 SET @OLD_SQL_MODE=@@SQL_MODE, SQL_MODE='NO_AUTO_VALUE_ON_ZERO' */;
/*!40111 SET @OLD_SQL_NOTES=@@SQL_NOTES, SQL_NOTES=0 */;

--
-- Current Database: `retail`
--

CREATE DATABASE /*!32312 IF NOT EXISTS*/ `retail` /*!40100 DEFAULT CHARACTER SET utf8mb4 COLLATE utf8mb4_general_ci */;

USE `retail`;

--
-- Table structure for table `categories`
--

DROP TABLE IF EXISTS `categories`;
/*!40101 SET @saved_cs_client     = @@character_set_client */;
/*!40101 SET character_set_client = utf8 */;
CREATE TABLE `categories` (
  `category_id` int(11) NOT NULL,
  `name` varchar(100) NOT NULL,
  `description` text NOT NULL,
  PRIMARY KEY (`category_id`)
) ENGINE=InnoDB DEFAULT CHARSET=utf8mb4 COLLATE=utf8mb4_general_ci;
/*!40101 SET character_set_client = @saved_cs_client */;

--
-- Dumping data for table `categories`
--

LOCK TABLES `categories` WRITE;
/*!40000 ALTER TABLE `categories` DISABLE KEYS */;
INSERT INTO `categories` VALUES (1,'Clothing','Nullam porttitor lacus at turpis.'),(2,'Toys','Praesent blandit lacinia erat.'),(3,'Computers','Proin leo odio, porttitor id, consequat in, consequat ut, nulla. Sed accumsan felis.'),(4,'Automotive','Duis bibendum, felis sed interdum venenatis, turpis enim blandit mi, in porttitor pede justo eu massa.'),(5,'Jewelry','Morbi odio odio, elementum eu, interdum eu, tincidunt in, leo.'),(6,'Games','Etiam vel augue. Vestibulum rutrum rutrum neque. Aenean auctor gravida sem.'),(7,'Movies','Etiam justo. Etiam pretium iaculis justo.'),(8,'Baby','Maecenas tristique, est et tempus semper, est quam pharetra magna, ac consequat metus sapien ut nunc. Vestibulum ante ipsum primis in faucibus orci luctus et ultrices posuere cubilia Curae; Mauris viverra diam vitae quam.'),(9,'Books','In est risus, auctor sed, tristique in, tempus sit amet, sem. Fusce consequat. Nulla nisl.'),(10,'Jewelry','In tempor, turpis nec euismod scelerisque, quam turpis adipiscing lorem, vitae mattis nibh ligula nec sem. Duis aliquam convallis nunc. Proin at turpis a pede posuere nonummy.');
/*!40000 ALTER TABLE `categories` ENABLE KEYS */;
UNLOCK TABLES;

--
-- Temporary table structure for view `customerpurchasesummary`
--

DROP TABLE IF EXISTS `customerpurchasesummary`;
/*!50001 DROP VIEW IF EXISTS `customerpurchasesummary`*/;
SET @saved_cs_client     = @@character_set_client;
SET character_set_client = utf8;
/*!50001 CREATE VIEW `customerpurchasesummary` AS SELECT
 1 AS `customer_id`,
  1 AS `customer_name`,
  1 AS `total_purchases`,
  1 AS `total_spent` */;
SET character_set_client = @saved_cs_client;

--
-- Table structure for table `customers`
--

DROP TABLE IF EXISTS `customers`;
/*!40101 SET @saved_cs_client     = @@character_set_client */;
/*!40101 SET character_set_client = utf8 */;
CREATE TABLE `customers` (
  `customer_id` int(11) NOT NULL,
  `name` varchar(100) NOT NULL,
  `phone_number` varchar(20) NOT NULL,
  `email` varchar(50) NOT NULL,
  `address` varchar(100) NOT NULL,
  `city` varchar(50) NOT NULL,
  `postal_code` varchar(10) NOT NULL,
  `country` varchar(50) NOT NULL,
  PRIMARY KEY (`customer_id`)
) ENGINE=InnoDB DEFAULT CHARSET=utf8mb4 COLLATE=utf8mb4_general_ci;
/*!40101 SET character_set_client = @saved_cs_client */;

--
-- Dumping data for table `customers`
--

LOCK TABLES `customers` WRITE;
/*!40000 ALTER TABLE `customers` DISABLE KEYS */;
INSERT INTO `customers` VALUES (1,'Rudd Kix','+7 254 502 1897','rkix0@hibu.com','8 Bunker Hill Road','Vorontsovka','396449','Russia'),(2,'Buckie Gress','+7 705 690 4023','bgress1@chicagotribune.com','91 Hauk Drive','Tarusa','249111','Russia'),(3,'Loretta Bannerman','+84 721 828 1902','lbannerman2@wordpress.org','2 Drewry Hill','Thị Trấn Na Sầm','','Vietnam'),(4,'Alejoa Fraschini','+7 583 444 2773','afraschini3@gnu.org','4 Di Loreto Junction','Gimry','368959','Russia'),(5,'Charmain Fudger','+386 782 282 1723','cfudger4@merriam-webster.com','84944 Talisman Center','Mozirje','3330','Slovenia'),(6,'Broderic Tunn','+256 249 405 4035','btunn5@sciencedaily.com','317 8th Road','Napak','','Uganda'),(7,'Maryanna Riddiough','+385 319 425 0462','mriddiough6@biblegateway.com','2235 Spenser Junction','Varaždin','42000','Croatia'),(8,'Louella De Brett','+48 540 597 2792','lde7@fda.gov','55128 Troy Crossing','Narol','37-610','Poland'),(9,'Rhodia Braid','+7 638 120 3027','rbraid8@pbs.org','2382 Rigney Circle','Khiv','368692','Russia'),(10,'Brad Stanyforth','+351 648 976 6707','bstanyforth9@sbwire.com','84 Dwight Center','São Miguel do Rio Torto','2205-554','Portugal'),(11,'Donnell Guterson','+39 161 246 6737','dgutersona@ucla.edu','32819 Del Sol Point','Genova','16146','Italy'),(12,'Gustavo Bladder','+255 759 487 3251','gbladderb@noaa.gov','5741 Kropf Pass','Tabora','','Tanzania'),(13,'Mathilda Schooling','+55 936 627 8901','mschoolingc@nhs.uk','5071 Eagan Park','Orlândia','14620-000','Brazil'),(14,'Bevan Lichfield','+55 889 828 4187','blichfieldd@bloglovin.com','91 Trailsway Road','Osvaldo Cruz','17700-000','Brazil'),(15,'Alvis Meakes','+66 316 359 6547','ameakese@va.gov','1145 Hagan Pass','Phutthaisong','31120','Thailand'),(16,'Geri Christou','+7 798 520 4955','gchristouf@spotify.com','0658 Thackeray Circle','Sarykemer','','Kazakhstan'),(17,'Tiena Vynarde','+60 446 590 9143','tvynardeg@ed.gov','4827 Moulton Parkway','Kuala Terengganu','20668','Malaysia'),(18,'Nathanael Adelsberg','+351 951 467 2604','nadelsbergh@wikimedia.org','471 Dottie Drive','Urrô','4560-832','Portugal'),(19,'Rutledge Konzel','+81 517 698 3148','rkonzeli@about.com','8214 Ilene Lane','Sendai','939-1351','Japan'),(20,'Norina Jouanot','+86 214 931 2823','njouanotj@about.me','0 Loomis Crossing','Sanzao','','China');
/*!40000 ALTER TABLE `customers` ENABLE KEYS */;
UNLOCK TABLES;

--
-- Table structure for table `employees`
--

DROP TABLE IF EXISTS `employees`;
/*!40101 SET @saved_cs_client     = @@character_set_client */;
/*!40101 SET character_set_client = utf8 */;
CREATE TABLE `employees` (
  `employee_id` int(11) NOT NULL,
  `name` varchar(100) NOT NULL,
  `phone` varchar(20) NOT NULL,
  `email` varchar(50) NOT NULL,
  `address` varchar(100) NOT NULL,
  PRIMARY KEY (`employee_id`)
) ENGINE=InnoDB DEFAULT CHARSET=utf8mb4 COLLATE=utf8mb4_general_ci;
/*!40101 SET character_set_client = @saved_cs_client */;

--
-- Dumping data for table `employees`
--

LOCK TABLES `employees` WRITE;
/*!40000 ALTER TABLE `employees` DISABLE KEYS */;
INSERT INTO `employees` VALUES (1,'Felicio Guye','+1 504 489 0780','fguye0@a8.net','73 Kings Avenue'),(2,'Stanwood Denne','+48 925 682 7208','sdenne1@ifeng.com','17 Rockefeller Place'),(3,'Charlie Yokelman','+974 374 955 2386','cyokelman2@cafepress.com','52977 Washington Street'),(4,'Casandra Slimon','+220 526 124 6393','cslimon3@hao123.com','1718 1st Way'),(5,'Ive Boston','+351 890 985 4068','iboston4@sphinn.com','66 Loeprich Parkway'),(6,'Clo Hebburn','+351 541 849 3100','chebburn5@wikipedia.org','00113 Elka Park'),(7,'Lenka Paul','+55 809 613 2744','lpaul6@ow.ly','38601 Comanche Way'),(8,'Marcus Gosneye','+7 544 664 5649','mgosneye7@symantec.com','0 Almo Point'),(9,'Adelaida Daniello','+33 566 815 7352','adaniello8@si.edu','6 Rusk Circle'),(10,'Tomaso Moberley','+86 342 936 3324','tmoberley9@toplist.cz','6 Shoshone Road'),(11,'Madella Arenson','+7 381 979 3410','marensona@samsung.com','5204 Manufacturers Drive'),(12,'Peta Hamfleet','+55 853 167 7873','phamfleetb@dion.ne.jp','523 Macpherson Hill'),(13,'Cristian Shaudfurth','+86 267 127 3062','cshaudfurthc@gravatar.com','25 Northport Alley'),(14,'Hulda Fosten','+46 808 552 8637','hfostend@etsy.com','8 Holy Cross Court'),(15,'Mariquilla Stutte','+598 322 973 2240','mstuttee@amazon.co.uk','8403 Everett Park'),(16,'Esme Goldfinch','+55 785 457 1931','egoldfinchf@pen.io','0 Arkansas Drive'),(17,'Lyndy Pipkin','+48 752 273 8968','lpipking@timesonline.co.uk','13 Burning Wood Lane'),(18,'Madelina Doneld','+976 202 455 5381','mdoneldh@weibo.com','66974 Meadow Valley Lane'),(19,'Petra Ruecastle','+86 543 435 8204','pruecastlei@europa.eu','573 Ruskin Crossing'),(20,'Dana Fletham','+7 212 471 3699','dflethamj@naver.com','305 Everett Pass');
/*!40000 ALTER TABLE `employees` ENABLE KEYS */;
UNLOCK TABLES;

--
-- Table structure for table `products`
--

DROP TABLE IF EXISTS `products`;
/*!40101 SET @saved_cs_client     = @@character_set_client */;
/*!40101 SET character_set_client = utf8 */;
CREATE TABLE `products` (
  `product_id` int(11) NOT NULL,
  `name` varchar(100) NOT NULL,
  `description` text NOT NULL,
  `price` decimal(8,2) NOT NULL,
  `selling_price` decimal(8,2) NOT NULL,
  `quantity` int(11) NOT NULL,
  `reorder_level` int(11) NOT NULL,
  `category_id` int(11) NOT NULL,
  PRIMARY KEY (`product_id`),
  KEY `products_categories` (`category_id`),
  CONSTRAINT `products_categories` FOREIGN KEY (`category_id`) REFERENCES `categories` (`category_id`)
) ENGINE=InnoDB DEFAULT CHARSET=utf8mb4 COLLATE=utf8mb4_general_ci;
/*!40101 SET character_set_client = @saved_cs_client */;

--
-- Dumping data for table `products`
--

LOCK TABLES `products` WRITE;
/*!40000 ALTER TABLE `products` DISABLE KEYS */;
INSERT INTO `products` VALUES (1,'Pork - Sausage Casing','Cras in purus eu magna vulputate luctus.',364.27,1340.85,999,72,9),(2,'Remy Red Berry Infusion','Nulla facilisi.',335.95,634.59,338,72,7),(3,'Nacho Chips','Curabitur at ipsum ac tellus semper interdum. Mauris ullamcorper purus sit amet nulla.',53.89,844.84,248,71,8),(4,'Bread - Bistro Sour','Lorem ipsum dolor sit amet, consectetuer adipiscing elit.',645.24,1783.84,56,66,9),(5,'Ecolab Digiclean Mild Fm','Nam nulla. Integer pede justo, lacinia eget, tincidunt eget, tempus vel, pede. Morbi porttitor lorem id ligula.',331.49,1128.19,930,67,3),(6,'Rambutan','Lorem ipsum dolor sit amet, consectetuer adipiscing elit. Proin interdum mauris non ligula pellentesque ultrices.',10.50,688.25,797,88,3),(7,'Quail - Jumbo Boneless','Morbi a ipsum. Integer a nibh. In quis justo.',659.14,1273.15,352,41,5),(8,'Bread Cranberry Foccacia','Donec quis orci eget orci vehicula condimentum.',143.89,1835.04,610,72,5),(9,'Lighter - Bbq','Suspendisse potenti. Nullam porttitor lacus at turpis.',38.76,475.39,389,81,10),(10,'Juice - Orange, Concentrate','Donec vitae nisi. Nam ultrices, libero non mattis pulvinar, nulla pede ullamcorper augue, a suscipit nulla elit ac nulla. Sed vel enim sit amet nunc viverra dapibus.',541.61,1812.83,865,81,8),(11,'Pork - Shoulder','Fusce consequat. Nulla nisl. Nunc nisl.',887.51,1476.46,670,27,10),(12,'Beer - Tetleys','Etiam pretium iaculis justo. In hac habitasse platea dictumst.',373.28,201.59,555,53,6),(13,'Melon - Honey Dew','Lorem ipsum dolor sit amet, consectetuer adipiscing elit. Proin interdum mauris non ligula pellentesque ultrices. Phasellus id sapien in sapien iaculis congue.',113.67,509.77,536,77,5),(14,'Nantucket - Pomegranate Pear','Praesent blandit. Nam nulla.',468.54,1773.35,228,91,4),(15,'Pasta - Cannelloni, Sheets, Fresh','Lorem ipsum dolor sit amet, consectetuer adipiscing elit. Proin interdum mauris non ligula pellentesque ultrices. Phasellus id sapien in sapien iaculis congue.',532.30,1274.38,135,21,8),(16,'Tea - Green','Nullam porttitor lacus at turpis.',216.22,1148.53,156,33,8),(17,'Beef - Shank','Morbi non quam nec dui luctus rutrum.',525.83,1225.64,247,22,1),(18,'Cleaner - Pine Sol','Integer pede justo, lacinia eget, tincidunt eget, tempus vel, pede. Morbi porttitor lorem id ligula.',707.85,540.55,793,17,9),(19,'Pomegranates','Donec vitae nisi.',300.74,1782.15,544,65,1),(20,'Jameson - Irish Whiskey','Nulla tellus.',51.86,1122.51,471,48,1),(21,'Glycerine','Aliquam augue quam, sollicitudin vitae, consectetuer eget, rutrum at, lorem.',630.26,1003.21,186,16,1),(22,'Soup - Campbells Chili','Duis mattis egestas metus. Aenean fermentum.',912.10,1419.42,380,85,8),(23,'Breakfast Quesadillas','Morbi odio odio, elementum eu, interdum eu, tincidunt in, leo. Maecenas pulvinar lobortis est.',20.67,338.17,705,15,5),(24,'Guava','Vestibulum sed magna at nunc commodo placerat. Praesent blandit.',92.99,1113.41,257,90,4),(25,'Lamb - Whole Head Off,nz','Integer ac leo.',115.72,1526.12,962,79,5),(26,'Bread - White, Sliced','Morbi porttitor lorem id ligula. Suspendisse ornare consequat lectus.',745.91,1507.71,580,82,1),(27,'Wine - Chateau Timberlay','Aliquam non mauris.',85.50,87.55,760,26,5),(28,'Grapefruit - White','Morbi porttitor lorem id ligula. Suspendisse ornare consequat lectus. In est risus, auctor sed, tristique in, tempus sit amet, sem.',712.53,1119.65,471,33,5),(29,'Cheese - Shred Cheddar / Mozza','Lorem ipsum dolor sit amet, consectetuer adipiscing elit. Proin risus.',7.72,573.41,887,89,2),(30,'Creme De Cacao Mcguines','Nulla facilisi.',575.66,607.34,891,46,4),(31,'Beer - Camerons Cream Ale','Nunc purus. Phasellus in felis.',926.36,1406.80,881,92,9),(32,'Vodka - Hot, Lnferno','Vivamus tortor. Duis mattis egestas metus.',621.91,974.20,174,99,8),(33,'Dasheen','Proin risus.',779.90,907.54,550,89,5),(34,'Lamb - Leg, Boneless','Nulla tempus. Vivamus in felis eu sapien cursus vestibulum. Proin eu mi.',621.54,479.01,771,24,5),(35,'Pheasants - Whole','Praesent blandit.',286.66,1206.35,900,27,5),(36,'Longos - Lasagna Beef','Integer tincidunt ante vel ipsum. Praesent blandit lacinia erat. Vestibulum sed magna at nunc commodo placerat.',123.84,1754.14,830,98,9),(37,'Rum - Dark, Bacardi, Black','Mauris enim leo, rhoncus sed, vestibulum sit amet, cursus id, turpis. Integer aliquet, massa id lobortis convallis, tortor risus dapibus augue, vel accumsan tellus nisi eu orci. Mauris lacinia sapien quis libero.',745.48,1404.42,429,77,6),(38,'Beef Ground Medium','Maecenas rhoncus aliquam lacus.',382.91,859.57,158,37,8),(39,'Bread - Petit Baguette','Pellentesque eget nunc. Donec quis orci eget orci vehicula condimentum. Curabitur in libero ut massa volutpat convallis.',936.92,754.01,805,22,5),(40,'Carbonated Water - Lemon Lime','In est risus, auctor sed, tristique in, tempus sit amet, sem.',519.15,372.72,677,84,8),(41,'Mustard - Dijon','Praesent blandit. Nam nulla. Integer pede justo, lacinia eget, tincidunt eget, tempus vel, pede.',379.24,153.19,214,63,5),(42,'Sherbet - Raspberry','Morbi non quam nec dui luctus rutrum.',606.93,1600.95,910,63,8),(43,'Pineapple - Canned, Rings','Duis ac nibh. Fusce lacus purus, aliquet at, feugiat non, pretium quis, lectus. Suspendisse potenti.',720.68,1782.95,425,33,1),(44,'Cornish Hen','Donec vitae nisi.',788.68,1198.51,72,61,9),(45,'Bread - Multigrain','Duis bibendum, felis sed interdum venenatis, turpis enim blandit mi, in porttitor pede justo eu massa. Donec dapibus.',662.89,985.22,116,52,2),(46,'Sprite, Diet - 355ml','Nulla mollis molestie lorem. Quisque ut erat. Curabitur gravida nisi at nibh.',277.62,1898.22,640,40,8),(47,'Soup - Campbells Bean Medley','Integer a nibh. In quis justo. Maecenas rhoncus aliquam lacus.',343.73,1319.01,925,51,10),(48,'Wine - Balbach Riverside','In hac habitasse platea dictumst.',31.16,538.75,675,81,1),(49,'Cookies - Englishbay Wht','Vivamus metus arcu, adipiscing molestie, hendrerit at, vulputate vitae, nisl.',999.61,266.03,873,93,4),(50,'Quail Eggs - Canned','Pellentesque at nulla. Suspendisse potenti.',833.74,1508.30,650,96,1),(51,'Bread - Italian Corn Meal Poly','Suspendisse potenti. Nullam porttitor lacus at turpis.',286.40,632.03,903,94,2),(52,'Wine - White, Lindemans Bin 95','Morbi quis tortor id nulla ultrices aliquet. Maecenas leo odio, condimentum id, luctus nec, molestie sed, justo. Pellentesque viverra pede ac diam.',888.36,1099.54,695,55,9),(53,'Flounder - Fresh','Aliquam erat volutpat. In congue.',603.83,1552.83,824,20,9),(54,'Wine - Masi Valpolocell','Quisque porta volutpat erat. Quisque erat eros, viverra eget, congue eget, semper rutrum, nulla.',129.03,1031.93,183,65,5),(55,'Pepper - Chillies, Crushed','Donec odio justo, sollicitudin ut, suscipit a, feugiat et, eros. Vestibulum ac est lacinia nisi venenatis tristique.',578.61,1350.13,617,10,4),(56,'Schnappes Peppermint - Walker','Curabitur at ipsum ac tellus semper interdum. Mauris ullamcorper purus sit amet nulla. Quisque arcu libero, rutrum ac, lobortis vel, dapibus at, diam.',65.00,481.18,641,39,5),(57,'Wiberg Super Cure','In sagittis dui vel nisl. Duis ac nibh.',146.81,778.36,290,88,10),(58,'Bread - Dark Rye','Duis bibendum. Morbi non quam nec dui luctus rutrum.',909.98,1371.14,230,76,1),(59,'Wine - Piper Heidsieck Brut','Phasellus sit amet erat. Nulla tempus.',141.47,767.77,92,30,2),(60,'Sardines','Nulla mollis molestie lorem. Quisque ut erat. Curabitur gravida nisi at nibh.',488.51,1688.88,193,30,4),(61,'Ecolab Digiclean Mild Fm','Nulla tellus. In sagittis dui vel nisl.',824.39,681.59,37,90,10),(62,'Chickhen - Chicken Phyllo','Duis bibendum.',438.04,705.53,941,53,10),(63,'Pumpkin','Fusce posuere felis sed lacus.',992.48,751.40,71,47,9),(64,'Cheese - Romano, Grated','Vivamus tortor.',292.03,560.65,11,17,7),(65,'Vinegar - Red Wine','In hac habitasse platea dictumst.',892.27,1705.07,119,94,1),(66,'Cut Wakame - Hanawakaba','Nulla ut erat id mauris vulputate elementum.',323.97,76.06,967,66,7),(67,'Salt - Seasoned','Vestibulum ac est lacinia nisi venenatis tristique. Fusce congue, diam id ornare imperdiet, sapien urna pretium nisl, ut volutpat sapien arcu sed augue. Aliquam erat volutpat.',870.73,781.22,545,44,4),(68,'Pepper - Red Chili','Duis at velit eu est congue elementum. In hac habitasse platea dictumst. Morbi vestibulum, velit id pretium iaculis, diam erat fermentum justo, nec condimentum neque sapien placerat ante.',461.97,718.02,788,51,1),(69,'Pickles - Gherkins','Lorem ipsum dolor sit amet, consectetuer adipiscing elit. Proin risus. Praesent lectus.',630.32,576.56,198,56,4),(70,'Daikon Radish','Ut at dolor quis odio consequat varius. Integer ac leo. Pellentesque ultrices mattis odio.',235.60,145.67,580,96,1),(71,'Mushroom - Shitake, Dry','Aenean lectus.',84.04,1480.34,210,73,7),(72,'Beer - Sleemans Honey Brown','Lorem ipsum dolor sit amet, consectetuer adipiscing elit.',148.88,706.05,781,24,3),(73,'Lid - 3oz Med Rec','Morbi vestibulum, velit id pretium iaculis, diam erat fermentum justo, nec condimentum neque sapien placerat ante.',761.01,557.43,921,32,7),(74,'Veal - Round, Eye Of','Suspendisse ornare consequat lectus. In est risus, auctor sed, tristique in, tempus sit amet, sem.',798.32,1540.46,982,40,4),(75,'Pork - Belly Fresh','Sed sagittis. Nam congue, risus semper porta volutpat, quam pede lobortis ligula, sit amet eleifend pede libero quis orci.',825.84,106.04,478,15,6),(76,'Appetizer - Lobster Phyllo Roll','Aliquam augue quam, sollicitudin vitae, consectetuer eget, rutrum at, lorem. Integer tincidunt ante vel ipsum. Praesent blandit lacinia erat.',633.49,330.79,644,34,3),(77,'Wine - Chianti Classica Docg','Nulla mollis molestie lorem. Quisque ut erat.',703.53,1218.62,55,40,10),(78,'Sugar - White Packet','Quisque ut erat. Curabitur gravida nisi at nibh. In hac habitasse platea dictumst.',624.85,773.02,855,27,6),(79,'Fennel - Seeds','Donec ut dolor.',468.03,1203.96,657,39,7),(80,'Beans - Yellow','Maecenas tincidunt lacus at velit. Vivamus vel nulla eget eros elementum pellentesque. Quisque porta volutpat erat.',545.85,1705.03,32,69,4),(81,'Towels - Paper / Kraft','Quisque ut erat. Curabitur gravida nisi at nibh. In hac habitasse platea dictumst.',754.57,420.82,586,67,6),(82,'Lotus Leaves','Morbi non quam nec dui luctus rutrum. Nulla tellus. In sagittis dui vel nisl.',635.28,711.47,204,88,1),(83,'Juice - Ocean Spray Cranberry','Lorem ipsum dolor sit amet, consectetuer adipiscing elit. Proin interdum mauris non ligula pellentesque ultrices.',837.34,1210.50,347,49,9),(84,'Ice Cream - Vanilla','Donec diam neque, vestibulum eget, vulputate ut, ultrices vel, augue. Vestibulum ante ipsum primis in faucibus orci luctus et ultrices posuere cubilia Curae; Donec pharetra, magna vestibulum aliquet ultrices, erat tortor sollicitudin mi, sit amet lobortis sapien sapien non mi. Integer ac neque.',216.61,480.15,697,60,10),(85,'Burger Veggie','Nam tristique tortor eu pede.',77.16,1509.03,82,95,6),(86,'Chicken - Whole','Curabitur convallis. Duis consequat dui nec nisi volutpat eleifend.',236.57,1834.92,46,25,3),(87,'Bread - Roll, Calabrese','Suspendisse ornare consequat lectus. In est risus, auctor sed, tristique in, tempus sit amet, sem. Fusce consequat.',732.21,231.46,36,71,4),(88,'Bread - Sour Batard','Nulla ut erat id mauris vulputate elementum.',837.45,43.23,981,52,8),(89,'Bread - Pumpernickel','Curabitur convallis.',745.35,884.24,780,84,2),(90,'Milk - Buttermilk','Cum sociis natoque penatibus et magnis dis parturient montes, nascetur ridiculus mus. Etiam vel augue. Vestibulum rutrum rutrum neque.',286.62,1695.12,49,51,6),(91,'Lid - Translucent, 3.5 And 6 Oz','In hac habitasse platea dictumst.',112.46,734.19,374,22,1),(92,'Pork - Back, Short Cut, Boneless','Pellentesque eget nunc. Donec quis orci eget orci vehicula condimentum. Curabitur in libero ut massa volutpat convallis.',26.71,693.54,727,78,3),(93,'Syrup - Chocolate','Aliquam augue quam, sollicitudin vitae, consectetuer eget, rutrum at, lorem. Integer tincidunt ante vel ipsum.',756.52,626.21,243,18,1),(94,'Compound - Orange','Integer ac leo.',873.51,1406.24,544,66,8),(95,'Juice - Apple, 341 Ml','Quisque id justo sit amet sapien dignissim vestibulum. Vestibulum ante ipsum primis in faucibus orci luctus et ultrices posuere cubilia Curae; Nulla dapibus dolor vel est.',501.14,55.89,504,32,10),(96,'Potatoes - Instant, Mashed','Nullam sit amet turpis elementum ligula vehicula consequat. Morbi a ipsum. Integer a nibh.',691.01,122.27,939,80,3),(97,'Wine - White, Riesling, Henry Of','Vestibulum ac est lacinia nisi venenatis tristique.',517.23,729.01,174,56,9),(98,'Ginger - Ground','Morbi non lectus. Aliquam sit amet diam in magna bibendum imperdiet.',550.30,1177.60,686,49,1),(99,'Aspic - Amber','Cras pellentesque volutpat dui.',843.08,1392.05,535,76,10),(100,'Ginger - Fresh','Sed sagittis.',94.38,1996.57,484,60,6),(101,'Tea - English Breakfast','Quisque erat eros, viverra eget, congue eget, semper rutrum, nulla. Nunc purus. Phasellus in felis.',507.80,790.72,908,46,9),(102,'Scallops - 20/30','Aenean fermentum.',290.65,1933.75,92,37,6),(103,'Scallops 60/80 Iqf','In hac habitasse platea dictumst. Etiam faucibus cursus urna.',974.96,1524.46,523,87,10),(104,'Cocoa Powder - Dutched','Sed accumsan felis. Ut at dolor quis odio consequat varius. Integer ac leo.',154.04,19.58,810,71,8),(105,'Puree - Blackcurrant','Aenean sit amet justo. Morbi ut odio. Cras mi pede, malesuada in, imperdiet et, commodo vulputate, justo.',610.41,1931.67,267,83,5),(106,'Crackers - Soda / Saltins','In eleifend quam a odio.',404.25,951.67,727,46,4),(107,'Hinge W Undercut','Fusce lacus purus, aliquet at, feugiat non, pretium quis, lectus. Suspendisse potenti. In eleifend quam a odio.',925.21,1987.64,597,13,7),(108,'Sobe - Cranberry Grapefruit','Nunc nisl. Duis bibendum, felis sed interdum venenatis, turpis enim blandit mi, in porttitor pede justo eu massa. Donec dapibus.',432.52,1842.97,666,90,6),(109,'The Pop Shoppe Pinapple','Vivamus metus arcu, adipiscing molestie, hendrerit at, vulputate vitae, nisl.',991.05,956.64,539,39,9),(110,'Compound - Raspberry','Maecenas pulvinar lobortis est.',562.14,1653.72,608,86,2),(111,'Wine - Vovray Sec Domaine Huet','Pellentesque at nulla. Suspendisse potenti. Cras in purus eu magna vulputate luctus.',134.07,680.63,950,97,8),(112,'Apple - Royal Gala','Morbi vestibulum, velit id pretium iaculis, diam erat fermentum justo, nec condimentum neque sapien placerat ante. Nulla justo. Aliquam quis turpis eget elit sodales scelerisque.',422.27,830.09,235,68,9),(113,'Ostrich - Fan Fillet','Nullam orci pede, venenatis non, sodales sed, tincidunt eu, felis. Fusce posuere felis sed lacus. Morbi sem mauris, laoreet ut, rhoncus aliquet, pulvinar sed, nisl.',537.11,102.05,161,80,6),(114,'Foam Espresso Cup Plain White','Vestibulum sed magna at nunc commodo placerat. Praesent blandit.',400.53,1264.63,630,41,1),(115,'Lamb Rack - Ontario','Vivamus in felis eu sapien cursus vestibulum. Proin eu mi.',465.97,1468.85,611,29,9),(116,'Pepper - White, Ground','Etiam vel augue. Vestibulum rutrum rutrum neque. Aenean auctor gravida sem.',864.15,243.35,664,13,4),(117,'Pastry - Apple Large','Vestibulum ante ipsum primis in faucibus orci luctus et ultrices posuere cubilia Curae; Donec pharetra, magna vestibulum aliquet ultrices, erat tortor sollicitudin mi, sit amet lobortis sapien sapien non mi. Integer ac neque.',647.36,1311.43,532,97,7),(118,'Rice - Jasmine Sented','Ut tellus. Nulla ut erat id mauris vulputate elementum.',840.80,947.48,520,28,9),(119,'Soup - Cream Of Broccoli, Dry','Nullam porttitor lacus at turpis.',710.58,142.65,981,18,5),(120,'Muffin - Blueberry Individual','Aliquam sit amet diam in magna bibendum imperdiet.',157.76,1319.51,413,83,8),(121,'Bread - Pullman, Sliced','Pellentesque at nulla. Suspendisse potenti.',290.17,1021.33,418,28,2),(122,'Cake - Mini Cheesecake','In eleifend quam a odio. In hac habitasse platea dictumst. Maecenas ut massa quis augue luctus tincidunt.',327.90,1878.07,132,62,3),(123,'Bay Leaf Fresh','Etiam pretium iaculis justo. In hac habitasse platea dictumst. Etiam faucibus cursus urna.',787.94,821.75,928,30,2),(124,'Black Currants','Nullam sit amet turpis elementum ligula vehicula consequat.',595.37,329.10,174,85,8),(125,'Sproutsmustard Cress','Etiam justo.',651.79,1815.88,562,63,7),(126,'Pineapple - Canned, Rings','Morbi vestibulum, velit id pretium iaculis, diam erat fermentum justo, nec condimentum neque sapien placerat ante. Nulla justo.',99.20,1322.59,227,81,10),(127,'Spinach - Packaged','Maecenas pulvinar lobortis est. Phasellus sit amet erat.',139.43,1327.21,751,60,2),(128,'Pie Filling - Cherry','Nullam porttitor lacus at turpis. Donec posuere metus vitae ipsum. Aliquam non mauris.',173.84,661.28,133,48,5),(129,'Water, Tap','Morbi ut odio. Cras mi pede, malesuada in, imperdiet et, commodo vulputate, justo. In blandit ultrices enim.',325.67,876.49,966,69,3),(130,'Yukon Jack','Morbi sem mauris, laoreet ut, rhoncus aliquet, pulvinar sed, nisl. Nunc rhoncus dui vel sem.',840.43,611.68,955,31,4),(131,'Carbonated Water - Blackcherry','Sed accumsan felis. Ut at dolor quis odio consequat varius.',303.37,1086.50,406,24,6),(132,'Pepper - Red, Finger Hot','Morbi non quam nec dui luctus rutrum.',168.40,320.50,559,36,10),(133,'V8 Splash Strawberry Kiwi','Duis bibendum. Morbi non quam nec dui luctus rutrum.',619.11,1952.78,860,25,8),(134,'Mcguinness - Blue Curacao','Vestibulum ante ipsum primis in faucibus orci luctus et ultrices posuere cubilia Curae; Nulla dapibus dolor vel est.',666.03,480.52,186,79,2),(135,'Cauliflower','In eleifend quam a odio. In hac habitasse platea dictumst. Maecenas ut massa quis augue luctus tincidunt.',562.12,842.70,747,91,5),(136,'Chicken - Whole','Suspendisse ornare consequat lectus. In est risus, auctor sed, tristique in, tempus sit amet, sem. Fusce consequat.',760.90,1781.57,387,41,1),(137,'Shortbread - Cookie Crumbs','Integer non velit.',841.44,579.88,902,56,5),(138,'Salmon Atl.whole 8 - 10 Lb','Vivamus metus arcu, adipiscing molestie, hendrerit at, vulputate vitae, nisl. Aenean lectus. Pellentesque eget nunc.',21.74,674.10,277,91,10),(139,'Milkettes - 2%','Integer a nibh. In quis justo.',934.44,645.21,508,52,10),(140,'Chinese Lemon Pork','Mauris enim leo, rhoncus sed, vestibulum sit amet, cursus id, turpis. Integer aliquet, massa id lobortis convallis, tortor risus dapibus augue, vel accumsan tellus nisi eu orci.',48.79,1076.45,529,45,10),(141,'Bread - Multigrain, Loaf','Vivamus vel nulla eget eros elementum pellentesque. Quisque porta volutpat erat.',145.81,742.00,238,13,9),(142,'Kaffir Lime Leaves','Cum sociis natoque penatibus et magnis dis parturient montes, nascetur ridiculus mus. Etiam vel augue. Vestibulum rutrum rutrum neque.',382.51,931.99,300,25,8),(143,'Soup - Campbells, Beef Barley','Sed ante. Vivamus tortor.',543.62,1354.16,569,25,1),(144,'Veal - Sweetbread','Integer a nibh.',526.93,680.75,595,85,7),(145,'Cheese - Parmesan Grated','Sed sagittis. Nam congue, risus semper porta volutpat, quam pede lobortis ligula, sit amet eleifend pede libero quis orci. Nullam molestie nibh in lectus.',754.75,105.07,59,81,1),(146,'Iced Tea - Lemon, 460 Ml','Quisque id justo sit amet sapien dignissim vestibulum.',115.85,633.61,700,59,10),(147,'Lentils - Green, Dry','Nulla facilisi. Cras non velit nec nisi vulputate nonummy. Maecenas tincidunt lacus at velit.',992.81,1245.26,150,93,3),(148,'Chicken - Whole Fryers','Maecenas leo odio, condimentum id, luctus nec, molestie sed, justo. Pellentesque viverra pede ac diam. Cras pellentesque volutpat dui.',567.21,1494.91,442,70,7),(149,'Towel Multifold','Nulla ut erat id mauris vulputate elementum. Nullam varius. Nulla facilisi.',343.69,625.13,191,73,9),(150,'Fennel - Seeds','Nam congue, risus semper porta volutpat, quam pede lobortis ligula, sit amet eleifend pede libero quis orci.',837.08,846.08,68,48,1),(151,'Garbage Bag - Clear','Nam ultrices, libero non mattis pulvinar, nulla pede ullamcorper augue, a suscipit nulla elit ac nulla.',159.03,1476.04,583,49,4),(152,'Pork - Tenderloin, Frozen','In hac habitasse platea dictumst. Morbi vestibulum, velit id pretium iaculis, diam erat fermentum justo, nec condimentum neque sapien placerat ante.',907.42,149.74,191,78,4),(153,'Wine - Cousino Macul Antiguas','Maecenas rhoncus aliquam lacus. Morbi quis tortor id nulla ultrices aliquet.',791.49,1637.47,950,12,1),(154,'Coconut - Creamed, Pure','Integer tincidunt ante vel ipsum. Praesent blandit lacinia erat. Vestibulum sed magna at nunc commodo placerat.',925.98,820.43,650,69,10),(155,'Corn - On The Cob','Phasellus id sapien in sapien iaculis congue. Vivamus metus arcu, adipiscing molestie, hendrerit at, vulputate vitae, nisl. Aenean lectus.',333.67,1526.75,405,88,5),(156,'Stock - Chicken, White','Quisque erat eros, viverra eget, congue eget, semper rutrum, nulla.',805.56,373.56,199,71,6),(157,'Muffin Batt - Blueberry Passion','Nam ultrices, libero non mattis pulvinar, nulla pede ullamcorper augue, a suscipit nulla elit ac nulla. Sed vel enim sit amet nunc viverra dapibus.',489.34,503.76,821,30,4),(158,'Dawn Professionl Pot And Pan','Ut tellus. Nulla ut erat id mauris vulputate elementum. Nullam varius.',311.89,987.89,292,49,1),(159,'Foil Cont Round','Proin interdum mauris non ligula pellentesque ultrices.',774.04,161.12,272,49,7),(160,'Cabbage Roll','Phasellus in felis. Donec semper sapien a libero.',701.28,497.12,615,29,5),(161,'Cheese - Brie Roitelet','Aenean fermentum. Donec ut mauris eget massa tempor convallis.',523.76,796.24,314,47,7),(162,'Pumpkin - Seed','Maecenas tristique, est et tempus semper, est quam pharetra magna, ac consequat metus sapien ut nunc. Vestibulum ante ipsum primis in faucibus orci luctus et ultrices posuere cubilia Curae; Mauris viverra diam vitae quam. Suspendisse potenti.',407.11,469.04,318,80,7),(163,'Cheese - Cheddar, Mild','Maecenas leo odio, condimentum id, luctus nec, molestie sed, justo. Pellentesque viverra pede ac diam.',249.19,140.69,599,22,10),(164,'Pecan Raisin - Tarts','Cras pellentesque volutpat dui. Maecenas tristique, est et tempus semper, est quam pharetra magna, ac consequat metus sapien ut nunc. Vestibulum ante ipsum primis in faucibus orci luctus et ultrices posuere cubilia Curae; Mauris viverra diam vitae quam.',233.54,1015.01,358,94,4),(165,'Longan','Integer pede justo, lacinia eget, tincidunt eget, tempus vel, pede. Morbi porttitor lorem id ligula. Suspendisse ornare consequat lectus.',720.47,1736.53,99,85,1),(166,'Wine - Chablis 2003 Champs','Proin eu mi.',994.33,545.20,482,28,9),(167,'Longos - Assorted Sandwich','Nullam varius.',251.94,804.89,113,17,3),(168,'Gatorade - Lemon Lime','Nullam porttitor lacus at turpis. Donec posuere metus vitae ipsum.',553.81,1758.17,127,99,1),(169,'Shrimp - Black Tiger 26/30','Aliquam non mauris. Morbi non lectus.',679.28,752.16,697,58,1),(170,'Soup - French Onion, Dry','In hac habitasse platea dictumst. Aliquam augue quam, sollicitudin vitae, consectetuer eget, rutrum at, lorem.',91.71,1994.87,833,18,2),(171,'Lychee - Canned','Sed accumsan felis. Ut at dolor quis odio consequat varius. Integer ac leo.',652.50,603.39,926,51,7),(172,'Turkey - Breast, Double','Mauris ullamcorper purus sit amet nulla.',847.33,925.20,778,46,10),(173,'Lettuce - Mini Greens, Whole','Vestibulum ante ipsum primis in faucibus orci luctus et ultrices posuere cubilia Curae; Nulla dapibus dolor vel est. Donec odio justo, sollicitudin ut, suscipit a, feugiat et, eros.',451.01,289.94,937,84,3),(174,'Oil - Coconut','Etiam justo. Etiam pretium iaculis justo.',684.27,133.20,731,48,8),(175,'Island Oasis - Strawberry','In hac habitasse platea dictumst. Morbi vestibulum, velit id pretium iaculis, diam erat fermentum justo, nec condimentum neque sapien placerat ante.',584.63,1338.25,408,36,6),(176,'Peppercorns - Green','Nulla tempus. Vivamus in felis eu sapien cursus vestibulum.',791.22,500.62,459,14,3),(177,'Glaze - Clear','Quisque ut erat.',152.91,1209.72,772,16,6),(178,'Butter - Unsalted','In blandit ultrices enim.',328.80,19.79,250,54,2),(179,'Nantucket - Pomegranate Pear','Maecenas leo odio, condimentum id, luctus nec, molestie sed, justo.',9.24,812.90,971,48,6),(180,'Easy Off Oven Cleaner','Mauris enim leo, rhoncus sed, vestibulum sit amet, cursus id, turpis.',731.30,1116.04,83,42,4),(181,'Pasta - Angel Hair','Nulla nisl.',55.24,244.06,932,52,7),(182,'Pepper - Julienne, Frozen','Nulla facilisi.',936.05,213.27,465,63,9),(183,'Sparkling Wine - Rose, Freixenet','Maecenas tristique, est et tempus semper, est quam pharetra magna, ac consequat metus sapien ut nunc. Vestibulum ante ipsum primis in faucibus orci luctus et ultrices posuere cubilia Curae; Mauris viverra diam vitae quam.',678.72,1696.41,194,95,5),(184,'Pike - Frozen Fillet','Nullam varius. Nulla facilisi.',728.46,1506.10,306,25,3),(185,'Tea - Camomele','Nulla tellus. In sagittis dui vel nisl.',941.02,47.03,427,23,6),(186,'Pasta - Agnolotti - Butternut','Nullam molestie nibh in lectus. Pellentesque at nulla. Suspendisse potenti.',648.68,1593.02,685,99,2),(187,'Pasta - Cheese / Spinach Bauletti','Pellentesque eget nunc. Donec quis orci eget orci vehicula condimentum. Curabitur in libero ut massa volutpat convallis.',389.19,908.51,603,71,1),(188,'Cream Of Tartar','Donec diam neque, vestibulum eget, vulputate ut, ultrices vel, augue. Vestibulum ante ipsum primis in faucibus orci luctus et ultrices posuere cubilia Curae; Donec pharetra, magna vestibulum aliquet ultrices, erat tortor sollicitudin mi, sit amet lobortis sapien sapien non mi.',388.31,573.42,965,81,2),(189,'Bread - Multigrain','Mauris ullamcorper purus sit amet nulla. Quisque arcu libero, rutrum ac, lobortis vel, dapibus at, diam. Nam tristique tortor eu pede.',331.07,1910.46,974,54,3),(190,'Hold Up Tool Storage Rack','Vestibulum quam sapien, varius ut, blandit non, interdum in, ante.',198.23,820.90,284,17,3),(191,'Cheese - Victor Et Berthold','Nullam porttitor lacus at turpis. Donec posuere metus vitae ipsum. Aliquam non mauris.',617.88,1964.61,320,17,4),(192,'Chocolate - Milk Coating','Nullam sit amet turpis elementum ligula vehicula consequat. Morbi a ipsum.',956.72,1058.00,138,85,8),(193,'Clams - Bay','Maecenas ut massa quis augue luctus tincidunt. Nulla mollis molestie lorem.',41.14,1274.88,250,35,4),(194,'Squash - Sunburst','Suspendisse accumsan tortor quis turpis. Sed ante. Vivamus tortor.',857.33,1123.37,207,33,10),(195,'Beef - Prime Rib Aaa','Maecenas tincidunt lacus at velit. Vivamus vel nulla eget eros elementum pellentesque.',38.06,1176.78,656,81,6),(196,'Soup V8 Roasted Red Pepper','Donec semper sapien a libero. Nam dui.',769.99,667.52,765,70,2),(197,'Boogies','Phasellus in felis. Donec semper sapien a libero.',173.90,1677.25,18,52,10),(198,'Dc - Sakura Fu','Donec ut mauris eget massa tempor convallis.',555.09,488.99,324,45,6),(199,'Maintenance Removal Charge','Donec dapibus.',936.32,1762.66,188,84,4),(200,'Skirt - 24 Foot','Maecenas rhoncus aliquam lacus.',475.53,1772.94,537,82,2);
/*!40000 ALTER TABLE `products` ENABLE KEYS */;
UNLOCK TABLES;

--
-- Temporary table structure for view `productsupplyoverview`
--

DROP TABLE IF EXISTS `productsupplyoverview`;
/*!50001 DROP VIEW IF EXISTS `productsupplyoverview`*/;
SET @saved_cs_client     = @@character_set_client;
SET character_set_client = utf8;
/*!50001 CREATE VIEW `productsupplyoverview` AS SELECT
 1 AS `product_id`,
  1 AS `product_name`,
  1 AS `supplier_name`,
  1 AS `date`,
  1 AS `quantity` */;
SET character_set_client = @saved_cs_client;

--
-- Table structure for table `sales`
--

DROP TABLE IF EXISTS `sales`;
/*!40101 SET @saved_cs_client     = @@character_set_client */;
/*!40101 SET character_set_client = utf8 */;
CREATE TABLE `sales` (
  `sale_id` int(11) NOT NULL,
  `employee_id` int(11) NOT NULL,
  `customer_id` int(11) NOT NULL,
  `amount` decimal(8,2) NOT NULL,
  `date` datetime NOT NULL,
  PRIMARY KEY (`sale_id`),
  KEY `sales_customers` (`customer_id`),
  KEY `sales_employees` (`employee_id`),
  CONSTRAINT `sales_customers` FOREIGN KEY (`customer_id`) REFERENCES `customers` (`customer_id`),
  CONSTRAINT `sales_employees` FOREIGN KEY (`employee_id`) REFERENCES `employees` (`employee_id`)
) ENGINE=InnoDB DEFAULT CHARSET=utf8mb4 COLLATE=utf8mb4_general_ci;
/*!40101 SET character_set_client = @saved_cs_client */;

--
-- Dumping data for table `sales`
--

LOCK TABLES `sales` WRITE;
/*!40000 ALTER TABLE `sales` DISABLE KEYS */;
INSERT INTO `sales` VALUES (1,16,14,297.10,'2023-08-01 00:00:00'),(2,16,9,361.21,'2023-07-20 00:00:00'),(3,5,5,551.25,'2023-02-02 00:00:00'),(4,8,8,599.14,'2023-10-19 00:00:00'),(5,4,5,478.54,'2023-06-19 00:00:00'),(6,9,19,505.44,'2023-09-27 00:00:00'),(7,20,3,109.49,'2023-07-22 00:00:00'),(8,6,12,907.73,'2023-12-01 00:00:00'),(9,10,8,650.55,'2023-09-18 00:00:00'),(10,9,4,231.84,'2023-06-21 00:00:00'),(11,19,15,372.02,'2023-02-09 00:00:00'),(12,11,9,955.71,'2023-09-21 00:00:00'),(13,7,15,717.33,'2023-12-06 00:00:00'),(14,7,4,698.48,'2023-07-30 00:00:00'),(15,9,16,913.36,'2023-05-24 00:00:00'),(16,15,16,518.07,'2023-03-27 00:00:00'),(17,14,13,449.35,'2023-10-13 00:00:00'),(18,20,3,959.12,'2023-12-22 00:00:00'),(19,16,20,518.56,'2023-12-15 00:00:00'),(20,6,4,750.01,'2024-01-05 00:00:00'),(21,3,7,269.86,'2023-03-10 00:00:00'),(22,19,14,458.54,'2024-01-09 00:00:00'),(23,10,1,31.42,'2023-12-06 00:00:00'),(24,15,16,626.12,'2023-07-05 00:00:00'),(25,20,17,653.96,'2023-04-17 00:00:00'),(26,19,6,300.26,'2023-12-30 00:00:00'),(27,11,15,621.81,'2023-07-21 00:00:00'),(28,16,13,673.71,'2023-08-10 00:00:00'),(29,4,8,83.60,'2023-02-20 00:00:00'),(30,16,15,20.85,'2023-03-26 00:00:00'),(31,5,18,952.81,'2023-02-26 00:00:00'),(32,18,1,104.86,'2023-03-30 00:00:00'),(33,5,17,827.54,'2023-08-15 00:00:00'),(34,16,4,845.50,'2023-06-19 00:00:00'),(35,14,4,671.30,'2023-07-14 00:00:00'),(36,11,4,986.11,'2023-08-15 00:00:00'),(37,7,15,780.49,'2023-10-07 00:00:00'),(38,18,13,96.53,'2023-08-06 00:00:00'),(39,5,15,318.02,'2024-01-06 00:00:00'),(40,6,4,482.05,'2023-08-03 00:00:00'),(41,18,15,565.24,'2023-02-25 00:00:00'),(42,4,4,425.46,'2023-10-07 00:00:00'),(43,15,10,66.13,'2023-04-28 00:00:00'),(44,17,3,87.39,'2023-03-23 00:00:00'),(45,15,12,962.85,'2023-12-03 00:00:00'),(46,10,9,876.50,'2023-05-17 00:00:00'),(47,2,14,347.10,'2023-06-05 00:00:00'),(48,11,1,777.09,'2023-09-05 00:00:00'),(49,9,5,187.00,'2024-01-13 00:00:00'),(50,3,4,422.41,'2023-09-30 00:00:00'),(51,16,11,909.81,'2023-05-15 00:00:00'),(52,16,2,344.28,'2024-01-02 00:00:00'),(53,3,3,584.26,'2023-08-27 00:00:00'),(54,3,13,128.66,'2023-03-02 00:00:00'),(55,11,14,591.35,'2023-11-27 00:00:00'),(56,18,5,189.60,'2023-11-17 00:00:00'),(57,2,20,287.05,'2023-07-12 00:00:00'),(58,18,8,801.92,'2023-02-17 00:00:00'),(59,12,16,775.17,'2023-08-20 00:00:00'),(60,15,7,94.03,'2023-11-09 00:00:00'),(61,3,14,534.86,'2023-08-08 00:00:00'),(62,2,14,213.13,'2023-10-14 00:00:00'),(63,11,13,129.58,'2023-07-15 00:00:00'),(64,1,5,396.39,'2023-12-06 00:00:00'),(65,17,1,919.34,'2023-10-11 00:00:00'),(66,13,6,914.53,'2023-06-22 00:00:00'),(67,5,1,29.30,'2023-05-02 00:00:00'),(68,8,16,950.04,'2023-10-03 00:00:00'),(69,11,10,290.04,'2023-10-11 00:00:00'),(70,18,6,98.42,'2023-05-28 00:00:00'),(71,20,17,844.54,'2023-06-25 00:00:00'),(72,15,16,407.59,'2023-04-28 00:00:00'),(73,13,14,443.89,'2023-10-12 00:00:00'),(74,13,6,101.59,'2023-09-16 00:00:00'),(75,8,14,338.55,'2024-01-12 00:00:00'),(76,15,16,884.10,'2023-07-13 00:00:00'),(77,15,7,119.42,'2023-09-06 00:00:00'),(78,11,13,257.43,'2023-09-09 00:00:00'),(79,14,18,236.41,'2023-11-12 00:00:00'),(80,10,2,132.50,'2023-07-28 00:00:00'),(81,6,18,390.40,'2023-06-11 00:00:00'),(82,6,20,440.54,'2023-05-15 00:00:00'),(83,9,15,16.19,'2023-07-22 00:00:00'),(84,13,10,99.65,'2023-04-20 00:00:00'),(85,10,17,421.03,'2023-08-19 00:00:00'),(86,7,18,900.27,'2023-12-09 00:00:00'),(87,5,8,608.47,'2023-05-06 00:00:00'),(88,12,8,907.41,'2023-03-18 00:00:00'),(89,17,12,59.47,'2023-07-24 00:00:00'),(90,18,16,318.29,'2023-08-28 00:00:00'),(91,19,14,474.73,'2023-08-14 00:00:00'),(92,11,8,953.32,'2023-04-08 00:00:00'),(93,2,9,114.00,'2023-04-29 00:00:00'),(94,20,7,241.95,'2023-08-21 00:00:00'),(95,1,2,273.06,'2023-04-25 00:00:00'),(96,2,4,321.63,'2023-06-11 00:00:00'),(97,18,18,468.30,'2023-10-12 00:00:00'),(98,2,8,825.03,'2023-11-29 00:00:00'),(99,4,19,472.57,'2023-11-08 00:00:00'),(100,18,16,720.94,'2023-10-04 00:00:00'),(101,10,20,418.03,'2023-09-09 00:00:00'),(102,10,5,690.17,'2023-09-21 00:00:00'),(103,6,14,345.55,'2023-10-21 00:00:00'),(104,11,12,655.70,'2023-12-12 00:00:00'),(105,7,7,136.87,'2023-03-14 00:00:00'),(106,16,1,901.06,'2023-03-20 00:00:00'),(107,17,11,66.35,'2024-01-13 00:00:00'),(108,1,10,264.95,'2023-10-22 00:00:00'),(109,17,6,727.72,'2023-03-18 00:00:00'),(110,15,16,12.70,'2023-02-11 00:00:00'),(111,7,18,991.32,'2024-01-15 00:00:00'),(112,5,8,401.47,'2023-06-10 00:00:00'),(113,17,9,897.54,'2024-01-18 00:00:00'),(114,7,1,949.79,'2023-12-03 00:00:00'),(115,2,11,22.14,'2023-06-15 00:00:00'),(116,8,3,914.23,'2024-01-08 00:00:00'),(117,19,3,256.27,'2023-06-13 00:00:00'),(118,2,13,301.74,'2023-08-08 00:00:00'),(119,20,6,307.09,'2023-08-09 00:00:00'),(120,4,8,640.82,'2023-03-05 00:00:00'),(121,11,18,690.40,'2023-08-15 00:00:00'),(122,11,5,643.47,'2023-05-04 00:00:00'),(123,11,12,777.88,'2023-11-18 00:00:00'),(124,20,19,742.15,'2023-10-18 00:00:00'),(125,8,5,568.57,'2023-02-23 00:00:00'),(126,15,14,371.62,'2023-11-08 00:00:00'),(127,13,18,358.90,'2023-06-15 00:00:00'),(128,14,6,211.98,'2023-11-03 00:00:00'),(129,3,13,281.27,'2023-06-14 00:00:00'),(130,14,17,664.37,'2023-09-02 00:00:00'),(131,4,14,283.52,'2023-02-17 00:00:00'),(132,20,16,907.95,'2023-11-26 00:00:00'),(133,12,5,687.47,'2023-07-03 00:00:00'),(134,16,13,627.86,'2023-05-23 00:00:00'),(135,11,17,58.13,'2023-04-19 00:00:00'),(136,7,10,567.25,'2023-08-10 00:00:00'),(137,10,4,524.70,'2023-10-07 00:00:00'),(138,20,6,888.23,'2023-11-17 00:00:00'),(139,16,6,534.54,'2023-04-11 00:00:00'),(140,7,20,90.28,'2023-05-13 00:00:00'),(141,15,1,945.56,'2023-02-23 00:00:00'),(142,13,13,414.62,'2024-01-07 00:00:00'),(143,5,1,680.48,'2023-03-05 00:00:00'),(144,3,18,520.44,'2023-03-27 00:00:00'),(145,17,4,246.85,'2023-07-03 00:00:00'),(146,1,5,118.05,'2023-10-10 00:00:00'),(147,9,16,335.13,'2023-06-07 00:00:00'),(148,18,1,481.77,'2023-05-28 00:00:00'),(149,5,8,952.36,'2023-08-19 00:00:00'),(150,9,1,328.54,'2023-03-11 00:00:00'),(151,10,4,139.95,'2023-08-18 00:00:00'),(152,8,3,929.84,'2023-12-24 00:00:00'),(153,6,14,160.44,'2023-12-31 00:00:00'),(154,14,9,912.83,'2023-04-05 00:00:00'),(155,1,10,326.16,'2023-09-15 00:00:00'),(156,5,1,272.09,'2023-05-03 00:00:00'),(157,5,19,331.42,'2023-04-24 00:00:00'),(158,8,9,418.83,'2023-07-22 00:00:00'),(159,3,3,354.90,'2023-11-18 00:00:00'),(160,17,18,333.70,'2023-11-17 00:00:00'),(161,1,7,246.92,'2023-03-05 00:00:00'),(162,5,10,495.74,'2023-05-24 00:00:00'),(163,13,16,271.90,'2023-02-18 00:00:00'),(164,11,16,81.17,'2023-08-13 00:00:00'),(165,20,16,387.06,'2023-01-29 00:00:00'),(166,17,13,48.95,'2023-09-15 00:00:00'),(167,5,17,861.78,'2023-05-10 00:00:00'),(168,9,16,225.51,'2023-08-09 00:00:00'),(169,16,15,387.48,'2023-03-16 00:00:00'),(170,7,14,252.49,'2023-06-09 00:00:00'),(171,1,5,480.51,'2023-05-08 00:00:00'),(172,12,1,904.20,'2023-06-11 00:00:00'),(173,14,16,652.53,'2023-04-29 00:00:00'),(174,10,18,607.43,'2023-05-16 00:00:00'),(175,10,4,288.49,'2023-02-21 00:00:00'),(176,20,9,249.52,'2023-12-19 00:00:00'),(177,8,14,262.53,'2024-01-05 00:00:00'),(178,3,10,929.60,'2023-12-13 00:00:00'),(179,5,12,518.44,'2023-02-04 00:00:00'),(180,10,20,521.59,'2023-06-06 00:00:00'),(181,2,13,251.06,'2023-09-24 00:00:00'),(182,8,3,845.96,'2023-04-14 00:00:00'),(183,14,4,111.28,'2023-04-02 00:00:00'),(184,20,15,626.14,'2023-10-31 00:00:00'),(185,10,11,504.51,'2023-07-30 00:00:00'),(186,11,13,39.30,'2023-12-07 00:00:00'),(187,19,8,922.61,'2023-09-14 00:00:00'),(188,9,2,934.96,'2023-02-25 00:00:00'),(189,5,15,468.15,'2023-10-04 00:00:00'),(190,19,14,205.46,'2023-04-06 00:00:00'),(191,13,9,762.21,'2023-10-28 00:00:00'),(192,10,13,880.51,'2024-01-09 00:00:00'),(193,19,11,774.33,'2023-12-21 00:00:00'),(194,10,6,94.24,'2023-08-18 00:00:00'),(195,4,4,753.23,'2023-11-12 00:00:00'),(196,11,14,836.08,'2023-09-15 00:00:00'),(197,12,2,924.56,'2023-07-04 00:00:00'),(198,12,3,423.78,'2023-03-04 00:00:00'),(199,10,16,786.22,'2023-05-14 00:00:00'),(200,15,3,473.15,'2023-08-22 00:00:00'),(201,15,2,603.59,'2023-07-09 00:00:00'),(202,20,7,90.06,'2024-01-27 00:00:00'),(203,20,17,207.51,'2023-08-05 00:00:00'),(204,12,18,222.05,'2023-06-07 00:00:00'),(205,18,13,118.92,'2023-12-15 00:00:00'),(206,3,19,423.07,'2023-07-31 00:00:00'),(207,4,19,418.17,'2023-07-02 00:00:00'),(208,15,17,36.40,'2023-01-31 00:00:00'),(209,9,13,25.70,'2023-11-09 00:00:00'),(210,20,2,168.45,'2023-02-22 00:00:00'),(211,13,4,762.87,'2023-04-03 00:00:00'),(212,14,16,855.43,'2023-10-17 00:00:00'),(213,16,13,804.27,'2023-05-31 00:00:00'),(214,5,6,996.95,'2023-03-03 00:00:00'),(215,14,8,213.04,'2023-03-27 00:00:00'),(216,13,13,988.35,'2023-03-10 00:00:00'),(217,4,15,800.82,'2023-04-18 00:00:00'),(218,4,7,361.17,'2023-09-21 00:00:00'),(219,1,17,81.73,'2023-04-29 00:00:00'),(220,16,1,78.96,'2023-07-15 00:00:00'),(221,2,20,580.52,'2023-02-05 00:00:00'),(222,20,12,276.19,'2023-10-08 00:00:00'),(223,20,12,326.12,'2023-06-26 00:00:00'),(224,20,11,808.70,'2023-10-02 00:00:00'),(225,18,13,846.16,'2023-10-21 00:00:00'),(226,3,15,63.34,'2023-02-21 00:00:00'),(227,8,10,612.42,'2023-02-24 00:00:00'),(228,18,18,530.45,'2023-02-19 00:00:00'),(229,3,19,637.87,'2023-07-04 00:00:00'),(230,20,13,250.08,'2023-01-29 00:00:00'),(231,19,15,785.77,'2024-01-23 00:00:00'),(232,5,19,470.34,'2023-10-29 00:00:00'),(233,17,12,723.71,'2023-02-01 00:00:00'),(234,19,5,367.99,'2023-07-22 00:00:00'),(235,5,9,419.86,'2023-09-28 00:00:00'),(236,17,9,197.68,'2023-02-26 00:00:00'),(237,7,8,992.41,'2023-11-06 00:00:00'),(238,10,13,965.29,'2023-09-23 00:00:00'),(239,16,3,136.66,'2023-04-11 00:00:00'),(240,6,14,656.08,'2023-12-18 00:00:00'),(241,1,3,358.82,'2023-05-24 00:00:00'),(242,10,17,259.46,'2023-12-28 00:00:00'),(243,16,10,67.87,'2023-08-23 00:00:00'),(244,17,15,872.00,'2023-12-23 00:00:00'),(245,6,8,117.65,'2023-02-10 00:00:00'),(246,9,11,893.29,'2023-02-10 00:00:00'),(247,9,12,719.95,'2023-07-13 00:00:00'),(248,17,1,745.44,'2023-12-03 00:00:00'),(249,10,18,747.44,'2023-12-06 00:00:00'),(250,12,11,518.18,'2023-03-27 00:00:00'),(251,1,20,795.83,'2023-12-10 00:00:00'),(252,9,6,713.99,'2023-07-21 00:00:00'),(253,15,8,603.61,'2023-12-30 00:00:00'),(254,11,13,880.85,'2023-09-04 00:00:00'),(255,15,10,455.94,'2023-12-21 00:00:00'),(256,9,16,405.79,'2023-12-09 00:00:00'),(257,18,15,343.12,'2024-01-10 00:00:00'),(258,10,13,820.40,'2023-04-18 00:00:00'),(259,9,10,338.79,'2023-12-02 00:00:00'),(260,1,7,216.52,'2023-07-27 00:00:00'),(261,3,19,591.36,'2023-06-10 00:00:00'),(262,16,11,282.70,'2023-05-04 00:00:00'),(263,18,2,536.14,'2023-04-24 00:00:00'),(264,10,19,924.52,'2023-09-19 00:00:00'),(265,18,15,440.44,'2023-12-25 00:00:00'),(266,5,3,621.26,'2023-05-23 00:00:00'),(267,11,8,619.06,'2023-02-07 00:00:00'),(268,8,15,77.55,'2023-06-24 00:00:00'),(269,2,7,445.13,'2023-10-30 00:00:00'),(270,4,20,580.40,'2023-08-25 00:00:00'),(271,17,13,401.16,'2024-01-18 00:00:00'),(272,3,12,316.33,'2023-05-23 00:00:00'),(273,2,9,213.70,'2023-10-06 00:00:00'),(274,17,19,977.22,'2023-09-21 00:00:00'),(275,7,8,404.42,'2023-02-06 00:00:00'),(276,19,4,636.73,'2023-05-20 00:00:00'),(277,16,13,813.91,'2023-05-29 00:00:00'),(278,19,15,345.88,'2023-06-22 00:00:00'),(279,18,18,124.09,'2023-03-12 00:00:00'),(280,19,2,315.80,'2023-03-30 00:00:00'),(281,18,20,363.66,'2023-12-01 00:00:00'),(282,10,13,895.79,'2023-08-28 00:00:00'),(283,13,12,972.61,'2023-09-21 00:00:00'),(284,6,9,506.77,'2023-11-23 00:00:00'),(285,12,1,140.51,'2023-09-17 00:00:00'),(286,2,15,867.58,'2023-05-29 00:00:00'),(287,14,16,205.55,'2023-07-21 00:00:00'),(288,1,19,837.74,'2023-04-03 00:00:00'),(289,3,3,618.52,'2023-03-24 00:00:00'),(290,5,1,805.24,'2024-01-20 00:00:00'),(291,4,9,896.82,'2023-03-24 00:00:00'),(292,11,12,197.69,'2023-06-15 00:00:00'),(293,4,2,996.05,'2023-04-17 00:00:00'),(294,2,19,84.28,'2023-07-27 00:00:00'),(295,17,19,622.06,'2024-01-02 00:00:00'),(296,9,8,44.39,'2023-09-03 00:00:00'),(297,18,9,57.20,'2023-04-24 00:00:00'),(298,18,15,356.13,'2023-06-28 00:00:00'),(299,11,3,823.10,'2023-07-19 00:00:00'),(300,6,2,547.96,'2023-06-29 00:00:00'),(301,14,18,671.72,'2023-05-18 00:00:00'),(302,9,8,656.89,'2023-05-02 00:00:00'),(303,3,4,270.58,'2023-09-06 00:00:00'),(304,20,8,885.14,'2023-06-28 00:00:00'),(305,17,6,245.35,'2023-05-21 00:00:00'),(306,20,6,959.33,'2023-02-23 00:00:00'),(307,5,12,173.99,'2023-08-16 00:00:00'),(308,13,19,747.05,'2023-05-08 00:00:00'),(309,6,7,327.32,'2023-06-26 00:00:00'),(310,19,10,52.31,'2023-03-12 00:00:00'),(311,9,20,633.49,'2023-10-14 00:00:00'),(312,1,18,198.95,'2023-12-18 00:00:00'),(313,11,9,478.31,'2023-04-11 00:00:00'),(314,9,6,946.63,'2023-06-03 00:00:00'),(315,12,15,731.01,'2023-05-24 00:00:00'),(316,1,1,240.42,'2023-11-08 00:00:00'),(317,1,17,529.04,'2024-01-17 00:00:00'),(318,1,15,647.30,'2023-04-28 00:00:00'),(319,3,12,44.24,'2023-11-27 00:00:00'),(320,3,18,803.12,'2023-12-24 00:00:00'),(321,11,12,360.26,'2023-03-01 00:00:00'),(322,14,8,398.85,'2023-10-22 00:00:00'),(323,14,15,920.59,'2023-11-17 00:00:00'),(324,1,17,357.36,'2023-02-26 00:00:00'),(325,13,9,336.07,'2023-11-20 00:00:00'),(326,19,19,70.47,'2023-12-29 00:00:00'),(327,6,3,16.21,'2023-03-11 00:00:00'),(328,10,10,360.16,'2023-09-17 00:00:00'),(329,13,5,772.57,'2023-05-06 00:00:00'),(330,13,10,556.87,'2023-09-02 00:00:00'),(331,7,2,962.18,'2023-02-21 00:00:00'),(332,14,3,5.39,'2023-05-16 00:00:00'),(333,13,18,266.79,'2023-08-27 00:00:00'),(334,16,20,155.38,'2023-05-22 00:00:00'),(335,9,18,45.90,'2023-04-24 00:00:00'),(336,17,11,338.25,'2023-12-07 00:00:00'),(337,5,14,582.66,'2023-03-06 00:00:00'),(338,8,7,735.92,'2023-04-08 00:00:00'),(339,10,12,241.52,'2023-07-19 00:00:00'),(340,8,20,497.20,'2023-11-04 00:00:00'),(341,6,8,766.49,'2023-08-20 00:00:00'),(342,4,18,104.33,'2023-12-26 00:00:00'),(343,3,15,427.94,'2023-04-27 00:00:00'),(344,13,11,360.91,'2023-10-06 00:00:00'),(345,20,6,675.77,'2023-07-17 00:00:00'),(346,16,20,458.02,'2023-09-02 00:00:00'),(347,16,7,968.56,'2023-03-22 00:00:00'),(348,15,16,983.42,'2023-06-02 00:00:00'),(349,9,18,561.04,'2023-11-26 00:00:00'),(350,17,8,794.07,'2023-05-08 00:00:00'),(351,10,20,64.26,'2023-08-24 00:00:00'),(352,18,7,152.01,'2023-04-01 00:00:00'),(353,7,3,802.78,'2023-07-31 00:00:00'),(354,4,2,520.39,'2023-07-31 00:00:00'),(355,2,12,867.44,'2023-11-05 00:00:00'),(356,14,7,742.00,'2023-02-24 00:00:00'),(357,10,8,642.46,'2023-06-13 00:00:00'),(358,6,18,149.59,'2023-10-02 00:00:00'),(359,3,5,22.66,'2023-08-13 00:00:00'),(360,20,17,838.36,'2023-03-26 00:00:00'),(361,13,15,655.27,'2023-07-06 00:00:00'),(362,6,7,259.65,'2023-04-25 00:00:00'),(363,5,6,31.25,'2023-03-05 00:00:00'),(364,8,10,176.05,'2023-12-08 00:00:00'),(365,12,7,977.11,'2023-06-17 00:00:00'),(366,13,16,396.45,'2023-02-04 00:00:00'),(367,5,18,700.15,'2023-10-23 00:00:00'),(368,5,4,560.25,'2023-09-22 00:00:00'),(369,12,5,919.28,'2023-07-24 00:00:00'),(370,17,10,606.18,'2024-01-17 00:00:00'),(371,4,8,188.37,'2024-01-14 00:00:00'),(372,5,20,511.23,'2023-06-03 00:00:00'),(373,8,13,647.68,'2023-08-26 00:00:00'),(374,17,18,209.85,'2023-12-20 00:00:00'),(375,5,11,21.42,'2023-06-18 00:00:00'),(376,10,5,514.40,'2023-12-12 00:00:00'),(377,7,16,806.84,'2023-07-07 00:00:00'),(378,16,12,735.37,'2023-07-21 00:00:00'),(379,6,2,245.15,'2023-02-13 00:00:00'),(380,11,6,430.76,'2023-10-16 00:00:00'),(381,19,12,303.30,'2023-12-12 00:00:00'),(382,17,8,419.31,'2023-07-26 00:00:00'),(383,16,15,511.16,'2023-02-13 00:00:00'),(384,4,5,398.57,'2023-02-13 00:00:00'),(385,15,11,578.02,'2023-01-29 00:00:00'),(386,14,1,663.06,'2023-12-26 00:00:00'),(387,8,4,569.94,'2024-01-17 00:00:00'),(388,2,4,309.47,'2023-09-22 00:00:00'),(389,5,16,935.22,'2023-05-05 00:00:00'),(390,4,15,865.92,'2023-11-16 00:00:00'),(391,7,7,304.90,'2023-07-10 00:00:00'),(392,2,4,32.49,'2023-10-17 00:00:00'),(393,18,17,230.31,'2023-07-29 00:00:00'),(394,9,7,195.27,'2023-08-16 00:00:00'),(395,5,19,29.33,'2023-07-04 00:00:00'),(396,13,19,799.24,'2023-08-31 00:00:00'),(397,15,6,820.09,'2023-12-10 00:00:00'),(398,1,5,919.35,'2024-01-27 00:00:00'),(399,16,13,306.64,'2023-08-17 00:00:00'),(400,1,17,938.98,'2023-03-02 00:00:00'),(401,19,16,300.84,'2023-10-03 00:00:00'),(402,9,14,799.60,'2023-04-07 00:00:00'),(403,11,3,929.72,'2023-11-03 00:00:00'),(404,9,14,704.78,'2023-05-04 00:00:00'),(405,11,15,914.24,'2023-12-12 00:00:00'),(406,13,1,534.97,'2023-03-07 00:00:00'),(407,5,3,425.48,'2023-10-21 00:00:00'),(408,19,3,144.61,'2023-10-17 00:00:00'),(409,11,8,216.00,'2023-11-26 00:00:00'),(410,3,15,37.32,'2023-06-16 00:00:00'),(411,3,1,800.84,'2023-06-01 00:00:00'),(412,5,7,515.02,'2023-08-14 00:00:00'),(413,15,20,912.10,'2023-07-13 00:00:00'),(414,7,8,390.00,'2023-07-09 00:00:00'),(415,18,8,814.34,'2024-01-03 00:00:00'),(416,17,6,702.27,'2023-09-23 00:00:00'),(417,7,13,181.79,'2023-06-15 00:00:00'),(418,15,15,577.56,'2023-12-10 00:00:00'),(419,12,1,147.55,'2023-10-16 00:00:00'),(420,18,17,582.09,'2023-08-11 00:00:00'),(421,12,5,340.54,'2023-12-06 00:00:00'),(422,19,14,283.32,'2023-05-10 00:00:00'),(423,1,12,535.22,'2023-08-11 00:00:00'),(424,11,9,758.29,'2023-03-27 00:00:00'),(425,17,4,476.24,'2023-04-11 00:00:00'),(426,13,3,799.91,'2023-10-27 00:00:00'),(427,11,13,88.84,'2023-03-03 00:00:00'),(428,4,6,896.24,'2023-08-29 00:00:00'),(429,15,17,372.04,'2023-06-17 00:00:00'),(430,5,10,53.51,'2023-09-10 00:00:00'),(431,1,14,39.50,'2023-10-10 00:00:00'),(432,4,12,800.22,'2023-09-19 00:00:00'),(433,15,4,479.56,'2023-08-01 00:00:00'),(434,6,20,668.49,'2023-10-06 00:00:00'),(435,11,5,391.53,'2023-04-17 00:00:00'),(436,13,20,399.16,'2023-09-19 00:00:00'),(437,17,10,461.03,'2023-05-13 00:00:00'),(438,3,8,199.12,'2023-11-26 00:00:00'),(439,5,14,87.13,'2023-09-30 00:00:00'),(440,16,2,408.97,'2023-06-14 00:00:00'),(441,10,8,686.80,'2023-09-02 00:00:00'),(442,19,2,614.81,'2023-12-20 00:00:00'),(443,20,11,962.24,'2023-09-04 00:00:00'),(444,20,6,398.44,'2023-02-01 00:00:00'),(445,14,4,52.75,'2023-05-30 00:00:00'),(446,18,15,440.04,'2024-01-10 00:00:00'),(447,17,9,950.06,'2023-06-27 00:00:00'),(448,15,16,755.46,'2023-02-20 00:00:00'),(449,7,6,963.34,'2023-07-02 00:00:00'),(450,8,14,389.69,'2023-04-27 00:00:00'),(451,20,11,432.00,'2023-04-01 00:00:00'),(452,18,16,391.81,'2023-10-30 00:00:00'),(453,9,7,711.18,'2023-05-23 00:00:00'),(454,20,19,29.14,'2023-06-26 00:00:00'),(455,15,4,122.45,'2023-07-14 00:00:00'),(456,7,7,267.67,'2023-10-26 00:00:00'),(457,2,8,695.02,'2023-10-27 00:00:00'),(458,16,3,84.94,'2024-01-01 00:00:00'),(459,15,10,799.31,'2023-03-14 00:00:00'),(460,10,12,862.48,'2023-11-09 00:00:00'),(461,18,5,278.22,'2023-07-03 00:00:00'),(462,17,18,563.50,'2023-05-01 00:00:00'),(463,15,3,283.79,'2023-10-03 00:00:00'),(464,4,9,579.50,'2023-07-31 00:00:00'),(465,2,1,400.57,'2023-04-06 00:00:00'),(466,16,9,158.51,'2023-08-04 00:00:00'),(467,13,16,932.77,'2023-06-22 00:00:00'),(468,5,8,575.02,'2023-04-16 00:00:00'),(469,4,9,97.51,'2023-09-30 00:00:00'),(470,13,7,624.86,'2023-12-17 00:00:00'),(471,8,19,208.67,'2024-01-21 00:00:00'),(472,16,7,536.14,'2023-09-21 00:00:00'),(473,1,17,743.12,'2023-06-25 00:00:00'),(474,5,1,482.15,'2023-09-09 00:00:00'),(475,3,1,532.04,'2023-02-02 00:00:00'),(476,1,14,587.80,'2023-06-18 00:00:00'),(477,3,7,386.81,'2023-06-11 00:00:00'),(478,12,10,15.97,'2023-09-04 00:00:00'),(479,2,17,11.12,'2023-06-26 00:00:00'),(480,9,15,999.67,'2024-01-22 00:00:00'),(481,4,11,284.30,'2023-09-21 00:00:00'),(482,14,20,959.91,'2023-12-10 00:00:00'),(483,17,1,570.53,'2023-10-16 00:00:00'),(484,13,19,237.26,'2023-03-03 00:00:00'),(485,13,7,213.67,'2023-09-20 00:00:00'),(486,1,18,544.02,'2023-03-30 00:00:00'),(487,11,15,489.35,'2023-05-05 00:00:00'),(488,10,5,452.41,'2023-08-09 00:00:00'),(489,18,9,974.99,'2023-12-06 00:00:00'),(490,6,5,614.84,'2023-11-23 00:00:00'),(491,3,19,378.76,'2023-12-22 00:00:00'),(492,4,7,294.82,'2023-02-06 00:00:00'),(493,6,14,37.89,'2023-11-12 00:00:00'),(494,3,11,161.88,'2024-01-25 00:00:00'),(495,5,12,576.64,'2023-11-01 00:00:00'),(496,11,16,874.76,'2023-03-29 00:00:00'),(497,16,12,306.49,'2023-08-25 00:00:00'),(498,17,2,721.69,'2023-12-09 00:00:00'),(499,2,2,799.92,'2023-08-09 00:00:00'),(500,19,14,149.02,'2023-03-19 00:00:00');
/*!40000 ALTER TABLE `sales` ENABLE KEYS */;
UNLOCK TABLES;

--
-- Table structure for table `sales_item`
--

DROP TABLE IF EXISTS `sales_item`;
/*!40101 SET @saved_cs_client     = @@character_set_client */;
/*!40101 SET character_set_client = utf8 */;
CREATE TABLE `sales_item` (
  `product_id` int(11) NOT NULL,
  `sale_id` int(11) NOT NULL,
  `amount` decimal(8,2) NOT NULL,
  `quantity` int(11) NOT NULL,
  PRIMARY KEY (`product_id`,`sale_id`),
  KEY `sales_item_sales` (`sale_id`),
  CONSTRAINT `sales_item_products` FOREIGN KEY (`product_id`) REFERENCES `products` (`product_id`),
  CONSTRAINT `sales_item_sales` FOREIGN KEY (`sale_id`) REFERENCES `sales` (`sale_id`)
) ENGINE=InnoDB DEFAULT CHARSET=utf8mb4 COLLATE=utf8mb4_general_ci;
/*!40101 SET character_set_client = @saved_cs_client */;

--
-- Dumping data for table `sales_item`
--

LOCK TABLES `sales_item` WRITE;
/*!40000 ALTER TABLE `sales_item` DISABLE KEYS */;
INSERT INTO `sales_item` VALUES (1,293,733.00,16),(1,308,321.00,1),(2,130,586.00,23),(2,216,516.00,34),(2,369,302.00,27),(2,447,143.00,31),(3,86,967.00,44),(3,182,83.00,30),(3,209,355.00,24),(3,302,2.00,27),(3,426,71.00,48),(4,15,56.00,43),(4,152,754.00,24),(4,314,136.00,25),(4,339,477.00,23),(5,85,217.00,11),(5,86,662.00,27),(5,209,523.00,49),(5,475,298.00,38),(6,209,867.00,43),(6,283,78.00,12),(6,350,611.00,36),(6,388,364.00,13),(7,149,587.00,21),(7,203,40.00,27),(7,237,315.00,13),(7,302,142.00,21),(7,437,311.00,48),(7,470,881.00,8),(7,498,605.00,42),(8,126,763.00,37),(8,183,674.00,40),(8,350,201.00,19),(8,406,715.00,13),(8,442,853.00,50),(9,78,388.00,36),(9,153,814.00,42),(9,170,79.00,12),(9,184,99.00,50),(9,297,8.00,17),(10,204,174.00,2),(10,336,361.00,11),(10,362,889.00,7),(10,496,382.00,38),(11,144,184.00,39),(11,171,17.00,40),(11,192,695.00,33),(11,217,259.00,15),(11,249,644.00,38),(11,471,488.00,29),(12,140,331.00,45),(12,194,170.00,4),(12,231,122.00,28),(12,333,881.00,19),(12,448,473.00,18),(13,129,598.00,47),(13,157,635.00,26),(13,344,75.00,27),(13,347,406.00,15),(13,432,853.00,15),(14,19,97.00,7),(14,74,234.00,16),(14,107,160.00,30),(14,193,890.00,39),(14,281,908.00,20),(14,383,858.00,37),(14,411,289.00,4),(15,58,93.00,34),(15,67,724.00,27),(15,70,500.00,25),(15,156,823.00,2),(15,276,385.00,1),(15,352,530.00,46),(15,418,487.00,31),(15,443,952.00,47),(15,470,415.00,6),(15,499,906.00,24),(16,298,803.00,1),(16,345,625.00,17),(17,248,860.00,3),(17,481,19.00,6),(18,8,211.00,32),(18,154,500.00,28),(18,234,711.00,40),(19,70,832.00,9),(19,242,949.00,5),(19,356,212.00,23),(19,412,652.00,39),(20,26,445.00,25),(20,431,307.00,39),(20,481,720.00,3),(21,49,17.00,25),(21,170,436.00,31),(21,171,342.00,1),(21,193,701.00,13),(22,336,903.00,2),(23,40,59.00,17),(23,180,226.00,38),(23,401,895.00,13),(23,412,294.00,16),(24,13,967.00,5),(24,186,662.00,46),(24,208,621.00,48),(24,214,879.00,4),(24,333,229.00,39),(24,412,284.00,22),(25,84,878.00,27),(25,391,263.00,11),(25,435,529.00,2),(26,49,934.00,4),(26,439,971.00,41),(27,70,769.00,42),(27,109,193.00,22),(27,188,415.00,31),(27,264,465.00,24),(27,365,36.00,27),(27,451,405.00,8),(28,115,501.00,49),(28,243,246.00,1),(28,379,365.00,16),(29,295,49.00,11),(29,386,980.00,13),(29,467,845.00,13),(30,4,407.00,41),(30,18,826.00,15),(30,190,729.00,1),(30,347,97.00,40),(30,416,834.00,37),(30,443,943.00,17),(31,18,403.00,27),(31,174,782.00,42),(31,327,773.00,5),(32,116,481.00,20),(32,120,788.00,6),(32,344,927.00,1),(33,267,859.00,46),(33,278,814.00,47),(33,339,241.00,31),(33,404,246.00,17),(34,79,658.00,21),(34,166,867.00,41),(34,206,685.00,17),(34,423,37.00,9),(35,117,943.00,1),(35,219,523.00,26),(35,415,679.00,32),(36,17,289.00,4),(36,118,188.00,16),(36,202,63.00,29),(36,251,651.00,13),(36,442,627.00,19),(36,497,193.00,30),(37,58,597.00,35),(37,99,911.00,13),(37,206,38.00,47),(37,355,206.00,35),(37,491,191.00,31),(38,78,76.00,27),(38,231,554.00,48),(38,243,570.00,17),(38,324,802.00,27),(38,409,36.00,15),(38,440,389.00,17),(39,106,791.00,18),(39,165,894.00,34),(39,385,473.00,13),(40,168,112.00,33),(40,212,7.00,11),(40,276,508.00,30),(40,308,948.00,45),(40,432,810.00,25),(40,452,720.00,14),(41,34,740.00,23),(41,112,926.00,42),(41,327,507.00,48),(41,402,549.00,31),(42,473,32.00,12),(43,84,696.00,42),(43,193,173.00,16),(43,323,890.00,44),(43,386,880.00,36),(43,422,271.00,48),(44,7,157.00,39),(44,21,828.00,21),(44,201,906.00,31),(44,244,505.00,39),(44,375,278.00,22),(45,152,309.00,36),(45,158,699.00,49),(45,282,709.00,46),(45,373,567.00,26),(45,448,721.00,28),(46,177,69.00,46),(46,270,364.00,10),(46,461,455.00,31),(47,329,141.00,25),(48,144,229.00,46),(48,220,898.00,42),(48,280,946.00,25),(48,472,225.00,19),(48,476,942.00,35),(49,32,680.00,45),(49,207,84.00,49),(49,258,743.00,49),(50,39,154.00,43),(50,145,911.00,36),(50,176,732.00,46),(51,119,930.00,13),(51,289,237.00,7),(51,320,982.00,16),(52,331,728.00,21),(52,486,280.00,25),(52,500,699.00,5),(53,21,57.00,4),(54,59,433.00,28),(54,363,902.00,23),(54,387,548.00,41),(55,194,546.00,28),(55,199,432.00,49),(55,449,905.00,41),(55,453,38.00,26),(56,36,421.00,19),(56,133,463.00,15),(56,209,374.00,22),(57,2,124.00,9),(57,57,569.00,23),(57,59,188.00,12),(57,202,256.00,28),(57,215,639.00,50),(58,104,742.00,5),(58,264,640.00,47),(58,285,671.00,49),(58,314,505.00,23),(58,414,384.00,13),(58,454,251.00,36),(59,459,232.00,11),(59,481,204.00,28),(60,411,423.00,30),(61,174,778.00,28),(61,322,76.00,31),(61,344,681.00,19),(61,380,432.00,19),(61,466,913.00,40),(62,82,71.00,30),(62,96,880.00,17),(62,123,728.00,31),(62,470,574.00,23),(63,26,435.00,18),(64,130,241.00,19),(64,190,964.00,50),(65,17,839.00,49),(65,389,685.00,6),(65,483,537.00,36),(65,500,315.00,15),(66,428,177.00,16),(67,39,558.00,26),(67,200,523.00,48),(67,238,97.00,9),(67,382,337.00,5),(67,391,888.00,28),(67,430,671.00,5),(68,57,368.00,36),(68,74,778.00,12),(68,433,837.00,29),(69,96,931.00,28),(69,265,261.00,43),(69,273,642.00,23),(69,338,495.00,29),(69,390,96.00,10),(70,284,517.00,25),(70,401,536.00,25),(70,428,664.00,35),(70,481,243.00,23),(71,75,586.00,15),(71,337,616.00,41),(72,35,39.00,6),(72,37,688.00,37),(72,279,538.00,7),(73,58,311.00,40),(74,23,184.00,18),(74,68,777.00,32),(74,171,535.00,9),(74,187,265.00,46),(74,217,54.00,25),(74,313,488.00,28),(75,77,419.00,6),(75,324,143.00,18),(75,393,865.00,29),(75,418,139.00,10),(76,4,268.00,2),(76,113,713.00,20),(76,134,447.00,18),(76,228,890.00,16),(76,288,900.00,43),(76,368,330.00,5),(76,391,513.00,40),(76,415,144.00,27),(78,148,448.00,47),(78,167,519.00,4),(78,365,673.00,43),(79,238,593.00,23),(79,298,795.00,40),(79,467,819.00,30),(79,473,267.00,46),(80,47,572.00,49),(80,119,893.00,28),(80,222,779.00,27),(80,342,921.00,18),(80,430,834.00,45),(81,288,408.00,34),(81,302,419.00,20),(82,260,492.00,22),(82,299,269.00,12),(82,334,34.00,42),(82,394,919.00,43),(82,416,621.00,17),(82,439,16.00,50),(82,463,539.00,9),(82,480,924.00,10),(83,196,486.00,49),(83,340,648.00,22),(83,354,872.00,32),(84,29,721.00,2),(84,235,610.00,8),(84,306,945.00,18),(84,307,894.00,8),(84,353,604.00,36),(84,360,150.00,47),(85,31,334.00,27),(85,71,808.00,15),(85,144,225.00,21),(85,156,183.00,16),(85,385,39.00,24),(85,447,390.00,26),(86,4,659.00,6),(86,123,330.00,36),(86,135,857.00,12),(87,2,824.00,9),(88,36,957.00,50),(88,52,962.00,49),(88,403,340.00,16),(89,144,565.00,13),(89,200,649.00,27),(89,300,299.00,21),(89,462,907.00,17),(90,201,74.00,32),(90,406,293.00,26),(90,477,51.00,21),(91,161,787.00,35),(91,214,753.00,4),(91,221,587.00,1),(91,370,115.00,26),(91,435,82.00,46),(92,43,431.00,8),(92,85,902.00,36),(92,123,836.00,13),(92,414,818.00,28),(93,37,189.00,24),(93,171,622.00,47),(93,391,933.00,7),(94,220,568.00,29),(95,74,867.00,30),(95,85,351.00,47),(95,170,455.00,2),(95,180,210.00,40),(95,182,408.00,16),(95,356,174.00,46),(95,500,377.00,1),(96,345,915.00,42),(96,483,407.00,45),(97,282,125.00,42),(97,405,248.00,44),(97,488,994.00,46),(98,80,641.00,48),(98,113,257.00,41),(98,294,916.00,45),(98,356,839.00,19),(98,469,217.00,40),(99,19,589.00,31),(99,250,742.00,35),(99,288,326.00,28),(99,347,965.00,38),(99,349,864.00,7),(99,355,294.00,8),(99,425,306.00,13),(100,64,374.00,5),(100,335,582.00,5),(101,217,948.00,25),(101,359,480.00,44),(101,432,885.00,37),(102,34,277.00,10),(102,51,84.00,21),(102,85,923.00,20),(102,185,290.00,22),(102,309,448.00,4),(102,322,512.00,25),(102,491,793.00,9),(103,272,507.00,9),(103,285,473.00,33),(103,361,756.00,9),(104,12,91.00,31),(104,96,812.00,37),(104,252,981.00,13),(104,295,803.00,31),(105,23,180.00,2),(105,202,66.00,30),(106,33,495.00,27),(106,159,282.00,18),(106,161,269.00,48),(106,232,505.00,42),(107,195,825.00,36),(107,210,517.00,48),(107,226,882.00,45),(108,26,295.00,43),(108,137,25.00,24),(109,90,606.00,14),(109,398,248.00,11),(109,479,293.00,35),(110,20,608.00,16),(110,110,359.00,14),(110,148,971.00,30),(110,280,52.00,26),(110,417,632.00,49),(111,12,407.00,6),(111,145,737.00,29),(111,375,977.00,5),(112,86,27.00,30),(112,349,379.00,1),(112,428,520.00,50),(113,40,319.00,23),(113,58,475.00,22),(113,201,788.00,39),(113,211,477.00,7),(113,294,130.00,50),(113,358,168.00,10),(113,450,471.00,38),(114,189,526.00,7),(114,214,837.00,7),(114,439,104.00,22),(115,23,318.00,48),(115,176,619.00,50),(115,294,791.00,36),(115,330,897.00,13),(115,443,405.00,29),(116,186,293.00,27),(116,201,315.00,44),(116,263,9.00,39),(116,344,335.00,7),(116,489,835.00,50),(117,270,69.00,47),(117,333,350.00,11),(118,4,802.00,47),(118,32,790.00,40),(118,79,44.00,10),(118,191,689.00,4),(118,247,532.00,4),(118,346,148.00,24),(119,317,106.00,15),(120,126,364.00,20),(121,48,868.00,3),(121,79,649.00,5),(121,212,430.00,6),(121,346,76.00,32),(122,41,235.00,17),(122,232,202.00,39),(122,252,501.00,37),(122,366,125.00,35),(122,391,757.00,4),(123,35,57.00,29),(123,260,465.00,32),(123,431,352.00,15),(124,40,99.00,14),(124,114,693.00,11),(124,127,283.00,45),(125,37,904.00,9),(125,43,619.00,19),(125,55,765.00,27),(126,45,925.00,28),(126,166,102.00,1),(126,217,309.00,25),(126,264,863.00,38),(126,386,344.00,44),(126,438,613.00,44),(127,1,77.00,48),(127,223,158.00,10),(127,250,873.00,40),(127,259,693.00,40),(127,344,376.00,23),(128,63,173.00,2),(128,316,395.00,10),(128,498,690.00,32),(129,13,307.00,34),(129,20,735.00,24),(129,39,461.00,8),(129,40,790.00,6),(129,85,700.00,13),(129,103,70.00,38),(129,110,847.00,36),(129,186,561.00,25),(129,419,919.00,16),(129,450,778.00,30),(129,470,291.00,49),(129,478,888.00,48),(129,484,517.00,46),(130,27,748.00,25),(130,247,707.00,36),(130,338,889.00,21),(130,463,258.00,23),(130,499,280.00,32),(131,240,23.00,10),(131,305,673.00,32),(131,451,933.00,29),(131,463,645.00,35),(132,26,126.00,49),(132,150,367.00,11),(132,402,742.00,46),(132,412,403.00,10),(132,414,335.00,42),(132,450,538.00,28),(132,480,886.00,4),(133,126,617.00,26),(133,250,653.00,48),(133,436,319.00,37),(133,481,197.00,25),(134,5,57.00,18),(134,34,868.00,8),(134,70,49.00,12),(135,87,868.00,31),(135,127,36.00,43),(135,366,248.00,17),(135,381,105.00,11),(135,420,140.00,40),(135,474,218.00,16),(136,2,635.00,30),(136,29,561.00,1),(136,400,560.00,6),(136,434,127.00,15),(137,37,918.00,41),(137,46,934.00,17),(137,75,906.00,17),(137,349,928.00,18),(137,358,309.00,46),(138,22,800.00,44),(138,92,926.00,36),(138,234,332.00,44),(138,361,764.00,33),(138,370,253.00,22),(138,445,395.00,24),(138,489,430.00,28),(139,77,441.00,19),(139,260,150.00,13),(139,453,769.00,31),(140,77,978.00,40),(140,122,803.00,47),(140,168,673.00,9),(140,187,947.00,43),(140,298,194.00,36),(141,55,287.00,21),(141,491,838.00,34),(142,103,676.00,28),(142,269,359.00,6),(142,299,537.00,43),(142,403,187.00,15),(142,429,672.00,24),(142,486,568.00,28),(143,19,197.00,35),(143,34,879.00,13),(143,160,142.00,27),(143,239,671.00,15),(143,364,352.00,29),(143,427,997.00,23),(143,446,342.00,16),(144,62,301.00,12),(144,70,621.00,32),(144,136,851.00,17),(144,279,855.00,27),(144,463,637.00,48),(145,37,250.00,32),(145,64,793.00,13),(145,105,44.00,17),(145,126,24.00,49),(145,471,734.00,10),(146,92,487.00,8),(146,117,247.00,5),(146,188,667.00,38),(146,244,165.00,28),(147,83,467.00,2),(147,303,165.00,49),(147,362,605.00,32),(147,371,772.00,44),(148,128,514.00,16),(148,141,704.00,3),(148,144,547.00,48),(148,383,132.00,28),(148,473,606.00,7),(149,154,473.00,8),(149,290,576.00,29),(149,350,710.00,13),(150,156,894.00,21),(150,177,758.00,19),(150,333,570.00,37),(150,407,832.00,9),(151,67,562.00,30),(151,151,34.00,50),(151,246,745.00,49),(151,279,401.00,41),(151,306,749.00,13),(151,391,548.00,44),(151,432,400.00,27),(151,442,77.00,32),(152,295,997.00,12),(153,59,318.00,14),(153,250,891.00,48),(153,403,145.00,8),(154,10,158.00,19),(154,70,886.00,12),(154,341,32.00,46),(154,352,911.00,20),(155,7,431.00,37),(155,10,750.00,8),(155,62,86.00,2),(155,215,98.00,19),(155,217,738.00,47),(155,245,485.00,27),(155,367,441.00,29),(157,22,567.00,23),(157,325,807.00,28),(157,433,866.00,36),(158,175,77.00,24),(158,258,780.00,10),(158,492,234.00,19),(159,23,10.00,31),(159,89,650.00,29),(159,327,780.00,33),(159,379,359.00,36),(160,54,885.00,17),(160,239,966.00,22),(160,272,115.00,6),(160,432,689.00,40),(161,13,412.00,15),(161,85,365.00,22),(161,163,875.00,25),(161,257,855.00,28),(161,306,75.00,41),(161,312,791.00,34),(162,39,82.00,3),(162,62,944.00,29),(162,139,740.00,37),(162,174,165.00,40),(162,263,114.00,37),(162,379,24.00,17),(163,57,980.00,27),(163,67,1000.00,10),(163,265,841.00,27),(163,351,974.00,26),(164,100,909.00,9),(164,209,783.00,28),(164,284,977.00,39),(165,269,52.00,1),(165,272,22.00,41),(165,367,793.00,17),(166,281,390.00,7),(167,11,716.00,41),(167,49,36.00,27),(167,78,466.00,22),(167,160,772.00,31),(167,249,707.00,20),(167,281,245.00,6),(167,341,809.00,37),(169,6,908.00,25),(169,225,856.00,13),(170,287,969.00,24),(170,313,813.00,20),(170,314,382.00,26),(171,185,821.00,16),(171,231,746.00,8),(171,263,501.00,8),(171,452,690.00,20),(172,59,994.00,15),(172,305,97.00,11),(173,290,193.00,7),(173,437,348.00,34),(173,439,615.00,37),(174,4,810.00,27),(174,88,498.00,33),(174,160,610.00,46),(174,192,549.00,7),(174,242,132.00,46),(174,481,710.00,43),(175,143,30.00,40),(175,179,590.00,46),(175,274,538.00,4),(175,385,796.00,11),(176,255,1000.00,36),(176,397,345.00,1),(177,52,243.00,23),(177,61,183.00,38),(177,93,463.00,44),(177,220,125.00,18),(178,114,657.00,28),(178,232,195.00,41),(178,237,227.00,2),(178,288,786.00,41),(178,351,979.00,5),(179,97,592.00,6),(179,253,306.00,50),(179,259,148.00,38),(179,288,127.00,13),(179,393,616.00,31),(180,83,414.00,15),(181,22,973.00,1),(181,137,473.00,35),(181,159,532.00,44),(181,283,683.00,2),(181,302,629.00,7),(181,407,945.00,32),(182,231,121.00,42),(183,238,131.00,24),(183,338,325.00,45),(183,439,755.00,28),(184,234,456.00,17),(184,479,149.00,11),(185,45,526.00,16),(185,59,636.00,40),(185,223,581.00,39),(185,236,213.00,48),(185,274,104.00,8),(185,430,585.00,9),(186,8,745.00,41),(186,67,927.00,36),(186,339,631.00,42),(186,497,287.00,9),(187,106,528.00,9),(187,390,570.00,40),(187,449,785.00,3),(188,29,854.00,18),(188,135,342.00,43),(188,140,777.00,37),(188,151,536.00,40),(188,275,887.00,45),(188,357,41.00,47),(188,462,80.00,13),(189,7,692.00,10),(189,183,251.00,21),(189,190,104.00,13),(189,227,731.00,33),(189,248,295.00,44),(189,386,433.00,17),(190,23,506.00,12),(190,75,728.00,39),(190,245,667.00,9),(190,257,769.00,35),(190,283,725.00,9),(190,306,317.00,37),(190,363,466.00,38),(190,442,549.00,2),(191,16,48.00,7),(191,22,615.00,24),(191,59,64.00,35),(191,353,43.00,16),(191,418,722.00,4),(191,478,267.00,37),(191,496,967.00,46),(192,42,830.00,4),(192,299,713.00,21),(192,453,774.00,23),(193,244,212.00,25),(193,296,180.00,29),(194,5,965.00,35),(194,101,719.00,42),(194,393,129.00,44),(194,464,689.00,11),(194,477,3.00,17),(195,208,30.00,43),(196,1,748.00,24),(196,58,725.00,42),(196,63,653.00,40),(196,68,226.00,44),(196,83,343.00,4),(196,144,284.00,15),(196,212,927.00,42),(196,341,501.00,16),(196,376,41.00,3),(196,401,219.00,30),(196,417,740.00,2),(197,93,406.00,21),(197,139,331.00,31),(197,298,7.00,41),(197,349,393.00,1),(197,466,336.00,41),(198,10,260.00,38),(198,16,638.00,5),(198,79,280.00,21),(198,389,117.00,17),(198,408,553.00,39),(199,330,504.00,9),(200,54,862.00,14),(200,402,134.00,41);
/*!40000 ALTER TABLE `sales_item` ENABLE KEYS */;
UNLOCK TABLES;

--
-- Table structure for table `suppliers`
--

DROP TABLE IF EXISTS `suppliers`;
/*!40101 SET @saved_cs_client     = @@character_set_client */;
/*!40101 SET character_set_client = utf8 */;
CREATE TABLE `suppliers` (
  `supplier_id` int(11) NOT NULL,
  `name` varchar(50) NOT NULL,
  `phone_number` varchar(20) NOT NULL,
  `email` varchar(50) NOT NULL,
  `address` varchar(100) NOT NULL,
  `account_number` varchar(50) NOT NULL,
  PRIMARY KEY (`supplier_id`)
) ENGINE=InnoDB DEFAULT CHARSET=utf8mb4 COLLATE=utf8mb4_general_ci;
/*!40101 SET character_set_client = @saved_cs_client */;

--
-- Dumping data for table `suppliers`
--

LOCK TABLES `suppliers` WRITE;
/*!40000 ALTER TABLE `suppliers` DISABLE KEYS */;
INSERT INTO `suppliers` VALUES (1,'Edgeblab','276-157-1523','ctollfree0@baidu.com','04680 Hoffman Terrace','A1245786985'),(2,'Voomm','765-288-0940','wkoba1@engadget.com','068 Judy Point','A1345789575'),(3,'Chatterbridge','127-886-8957','fsobtka2@netlog.com','30 Anderson Hill','A1346792589'),(4,'Jetpulse','585-170-7080','rdicke3@answers.com','48 David Court','A5943197648'),(5,'Demizz','928-356-5327','wcockerill4@ted.com','0 Loomis Lane','A1967154618'),(6,'Topicware','514-487-1395','ltyers5@csmonitor.com','595 Waubesa Parkway','A2548691349'),(7,'Yombu','479-690-1616','kdimmne6@wunderground.com','461 Old Gate Way','A2648595713'),(8,'Skivee','788-452-7902','pdrinnan7@rakuten.co.jp','04574 Helena Junction','A1915264864'),(9,'Fivebridge','542-385-9264','mhaney8@patch.com','66 Cambridge Alley','A1956487923'),(10,'Roodel','731-525-9989','rleadston9@techcrunch.com','773 Reinke Circle','A1223455648');
/*!40000 ALTER TABLE `suppliers` ENABLE KEYS */;
UNLOCK TABLES;

--
-- Table structure for table `supply_orders`
--

DROP TABLE IF EXISTS `supply_orders`;
/*!40101 SET @saved_cs_client     = @@character_set_client */;
/*!40101 SET character_set_client = utf8 */;
CREATE TABLE `supply_orders` (
  `order_id` int(11) NOT NULL,
  `quantity` int(11) NOT NULL,
  `total_cost` decimal(8,2) NOT NULL,
  `date` datetime NOT NULL,
  `product_id` int(11) NOT NULL,
  `supplier_id` int(11) NOT NULL,
  PRIMARY KEY (`order_id`),
  KEY `supply_order_products` (`product_id`),
  KEY `supply_order_suppliers` (`supplier_id`),
  CONSTRAINT `supply_order_products` FOREIGN KEY (`product_id`) REFERENCES `products` (`product_id`),
  CONSTRAINT `supply_order_suppliers` FOREIGN KEY (`supplier_id`) REFERENCES `suppliers` (`supplier_id`)
) ENGINE=InnoDB DEFAULT CHARSET=utf8mb4 COLLATE=utf8mb4_general_ci;
/*!40101 SET character_set_client = @saved_cs_client */;

--
-- Dumping data for table `supply_orders`
--

LOCK TABLES `supply_orders` WRITE;
/*!40000 ALTER TABLE `supply_orders` DISABLE KEYS */;
INSERT INTO `supply_orders` VALUES (0,20,0.00,'2024-02-25 00:00:00',3,5),(1,61,3.81,'2023-07-26 00:00:00',9,10),(2,87,2384.45,'2023-02-14 00:00:00',5,10),(3,46,6045.22,'2023-05-24 00:00:00',6,2),(4,28,9943.00,'2023-11-23 00:00:00',9,5),(5,36,6891.93,'2023-12-20 00:00:00',7,7),(6,5,1182.20,'2023-12-29 00:00:00',3,6),(7,32,8695.82,'2023-05-29 00:00:00',10,10),(8,70,1587.20,'2023-09-07 00:00:00',5,3),(9,19,8221.30,'2023-08-01 00:00:00',1,5),(10,41,5985.62,'2023-11-18 00:00:00',1,1),(11,75,6417.92,'2023-11-02 00:00:00',1,6),(12,1,2551.20,'2023-10-17 00:00:00',7,9),(13,9,1432.91,'2023-08-23 00:00:00',9,10),(14,36,1732.82,'2023-12-11 00:00:00',7,8),(15,91,7855.05,'2023-06-08 00:00:00',3,2),(16,6,3180.44,'2023-04-22 00:00:00',1,7),(17,34,9000.27,'2023-12-10 00:00:00',10,2),(18,30,8610.97,'2023-01-01 00:00:00',4,9),(19,15,8908.83,'2023-09-07 00:00:00',8,5),(20,6,2125.40,'2023-12-04 00:00:00',5,4),(21,53,5853.85,'2023-02-27 00:00:00',8,5),(22,40,3705.91,'2023-06-19 00:00:00',1,5),(23,71,5784.91,'2023-05-30 00:00:00',10,1),(24,61,1213.35,'2023-04-24 00:00:00',5,7),(25,25,7544.19,'2023-02-17 00:00:00',4,1),(26,100,4662.91,'2023-06-15 00:00:00',4,7),(27,82,60.92,'2023-07-27 00:00:00',9,5),(28,21,9765.71,'2023-03-19 00:00:00',1,9),(29,38,747.97,'2023-11-16 00:00:00',1,9),(30,100,1021.57,'2023-01-02 00:00:00',9,2),(31,76,5738.44,'2023-05-19 00:00:00',1,5),(32,100,6503.22,'2023-04-22 00:00:00',2,6),(33,90,3703.17,'2023-10-01 00:00:00',6,9),(34,31,8476.69,'2023-11-29 00:00:00',1,4),(35,75,6189.59,'2023-09-07 00:00:00',5,5),(36,19,1166.44,'2023-07-21 00:00:00',5,1),(37,4,5531.27,'2023-11-24 00:00:00',8,5),(38,85,3543.18,'2023-11-09 00:00:00',5,8),(39,74,1670.79,'2023-06-20 00:00:00',3,9),(40,24,3998.20,'2023-02-24 00:00:00',5,8),(41,100,5135.98,'2023-03-23 00:00:00',7,4),(42,87,58.21,'2023-06-12 00:00:00',3,3),(43,46,2994.63,'2023-04-08 00:00:00',5,6),(44,23,1641.91,'2023-04-08 00:00:00',10,9),(45,19,9832.15,'2023-09-27 00:00:00',2,8),(46,44,2254.53,'2023-10-04 00:00:00',3,10),(47,12,3910.49,'2023-05-30 00:00:00',1,1),(48,30,6600.22,'2023-01-02 00:00:00',8,9),(49,29,2792.03,'2023-08-25 00:00:00',7,7),(50,99,7800.78,'2023-07-25 00:00:00',5,3),(51,17,9214.36,'2023-10-13 00:00:00',8,1),(52,87,389.69,'2023-05-09 00:00:00',4,10),(53,38,7566.65,'2023-09-08 00:00:00',10,4),(54,8,2031.05,'2023-05-22 00:00:00',5,9),(55,73,2706.74,'2023-03-31 00:00:00',6,8),(56,44,2812.80,'2023-09-29 00:00:00',4,2),(57,20,3647.67,'2023-01-15 00:00:00',1,9),(58,81,809.21,'2023-02-16 00:00:00',10,7),(59,96,3046.61,'2023-06-02 00:00:00',5,7),(60,64,8941.99,'2023-09-24 00:00:00',3,6),(61,56,5575.30,'2023-06-27 00:00:00',1,8),(62,82,3614.64,'2023-12-27 00:00:00',10,9),(63,5,6162.14,'2023-01-01 00:00:00',3,10),(64,70,2709.76,'2023-03-21 00:00:00',8,2),(65,33,6259.80,'2023-08-28 00:00:00',1,8),(66,76,3235.02,'2023-05-25 00:00:00',4,2),(67,84,4586.96,'2023-01-19 00:00:00',1,2),(68,53,1373.50,'2023-08-17 00:00:00',7,9),(69,72,9630.93,'2023-11-15 00:00:00',10,7),(70,95,3809.43,'2023-04-01 00:00:00',4,8),(71,26,7717.60,'2023-03-29 00:00:00',10,10),(72,87,1565.05,'2023-01-29 00:00:00',6,5),(73,73,7007.59,'2023-07-12 00:00:00',8,4),(74,23,3398.86,'2023-07-12 00:00:00',3,10),(75,11,7148.17,'2023-04-03 00:00:00',9,3),(76,84,9408.19,'2023-02-06 00:00:00',5,4),(77,58,4147.46,'2023-08-24 00:00:00',8,9),(78,24,2164.06,'2023-07-27 00:00:00',1,4),(79,95,1925.12,'2023-11-16 00:00:00',1,2),(80,28,1309.18,'2023-03-27 00:00:00',4,7),(81,69,7352.12,'2023-08-12 00:00:00',6,5),(82,51,2535.52,'2023-10-08 00:00:00',6,5),(83,33,8736.79,'2023-08-15 00:00:00',5,9),(84,89,1517.87,'2023-07-16 00:00:00',1,1),(85,14,5330.82,'2023-06-20 00:00:00',5,4),(86,50,6668.48,'2023-11-14 00:00:00',4,2),(87,36,9119.15,'2023-07-01 00:00:00',10,3),(88,46,6073.30,'2023-04-11 00:00:00',7,7),(89,25,5830.11,'2023-01-09 00:00:00',10,1),(90,11,1656.42,'2023-10-01 00:00:00',5,5),(91,49,3125.52,'2023-04-01 00:00:00',4,3),(92,66,6187.72,'2023-07-14 00:00:00',7,5),(93,77,7944.32,'2023-11-28 00:00:00',4,4),(94,70,1735.31,'2023-11-20 00:00:00',4,5),(95,12,1482.69,'2023-01-12 00:00:00',7,2),(96,44,3472.55,'2023-05-22 00:00:00',7,4),(97,36,7799.02,'2023-01-13 00:00:00',5,5),(98,61,1085.50,'2023-09-25 00:00:00',7,6),(99,61,1058.55,'2023-10-07 00:00:00',10,5),(100,28,9980.17,'2023-02-14 00:00:00',9,10),(101,54,9408.50,'2023-05-03 00:00:00',10,10),(102,30,5412.39,'2023-10-03 00:00:00',2,7),(103,20,2415.29,'2023-11-03 00:00:00',7,2),(104,51,2822.78,'2023-12-01 00:00:00',8,3),(105,69,642.77,'2023-11-12 00:00:00',4,9),(106,86,2456.28,'2023-06-20 00:00:00',9,2),(107,32,4818.33,'2023-12-03 00:00:00',4,10),(108,11,7446.00,'2023-02-15 00:00:00',2,5),(109,90,8354.93,'2023-11-16 00:00:00',1,6),(110,7,218.48,'2023-12-28 00:00:00',8,7),(111,63,6095.80,'2023-01-15 00:00:00',9,10),(112,55,6867.23,'2023-09-01 00:00:00',6,6),(113,97,1693.34,'2023-04-30 00:00:00',1,8),(114,75,1558.97,'2023-05-23 00:00:00',9,8),(115,44,8602.14,'2023-03-30 00:00:00',8,5),(116,46,6387.62,'2023-02-08 00:00:00',2,5),(117,31,9025.03,'2023-08-31 00:00:00',8,7),(118,23,3173.87,'2023-07-31 00:00:00',5,5),(119,99,3393.27,'2023-11-23 00:00:00',9,4),(120,85,6292.57,'2023-04-03 00:00:00',9,4),(121,1,5556.73,'2023-06-05 00:00:00',6,8),(122,22,3513.45,'2023-04-20 00:00:00',7,5),(123,9,3398.50,'2023-10-26 00:00:00',8,1),(124,77,9369.48,'2023-10-22 00:00:00',7,1),(125,25,3865.61,'2023-05-09 00:00:00',9,7),(126,99,4319.05,'2023-02-27 00:00:00',6,1),(127,83,2933.60,'2023-11-16 00:00:00',1,7),(128,91,2378.23,'2023-02-28 00:00:00',1,8),(129,64,5770.41,'2023-10-16 00:00:00',2,6),(130,25,8158.91,'2023-12-26 00:00:00',4,2),(131,61,9496.21,'2023-01-10 00:00:00',9,7),(132,13,6035.01,'2023-01-10 00:00:00',3,7),(133,76,9306.37,'2023-06-23 00:00:00',10,9),(134,11,5646.01,'2023-06-10 00:00:00',3,5),(135,86,5038.65,'2023-04-22 00:00:00',10,7),(136,74,278.63,'2023-11-10 00:00:00',2,7),(137,30,3358.91,'2023-09-16 00:00:00',9,4),(138,36,7761.24,'2023-07-06 00:00:00',6,10),(139,1,8275.82,'2023-10-25 00:00:00',6,10),(140,13,2526.24,'2023-11-01 00:00:00',9,5),(141,78,8334.72,'2023-03-17 00:00:00',6,6),(142,58,9150.34,'2023-08-14 00:00:00',10,2),(143,64,791.21,'2023-08-16 00:00:00',9,9),(144,78,1197.25,'2023-11-27 00:00:00',6,8),(145,39,6473.12,'2023-01-18 00:00:00',3,2),(146,82,5746.71,'2023-12-15 00:00:00',7,6),(147,56,5843.76,'2023-11-10 00:00:00',3,3),(148,5,8912.37,'2023-05-02 00:00:00',6,4),(149,14,8118.72,'2023-04-30 00:00:00',2,3),(150,36,1215.92,'2023-06-09 00:00:00',5,4),(151,91,7619.22,'2023-11-20 00:00:00',6,8),(152,74,745.42,'2023-04-07 00:00:00',7,6),(153,89,2775.48,'2023-10-27 00:00:00',1,10),(154,89,2895.01,'2023-06-04 00:00:00',9,6),(155,17,3617.72,'2023-09-11 00:00:00',4,10),(156,38,2131.64,'2023-12-15 00:00:00',8,2),(157,29,2655.56,'2023-04-23 00:00:00',8,3),(158,57,2642.47,'2023-12-08 00:00:00',5,7),(159,9,6637.04,'2023-06-05 00:00:00',8,8),(160,17,7496.78,'2023-10-18 00:00:00',2,1),(161,27,5118.71,'2023-08-14 00:00:00',7,7),(162,98,9435.39,'2023-01-12 00:00:00',9,5),(163,5,99.16,'2023-02-19 00:00:00',4,3),(164,90,6597.98,'2023-05-11 00:00:00',2,1),(165,12,7189.85,'2023-06-28 00:00:00',2,7),(166,88,9803.29,'2023-03-08 00:00:00',9,3),(167,51,8155.54,'2023-12-29 00:00:00',7,8),(168,56,3237.42,'2023-03-09 00:00:00',10,6),(169,2,7522.35,'2023-07-03 00:00:00',6,9),(170,74,716.53,'2023-05-10 00:00:00',8,6),(171,22,7065.74,'2023-01-29 00:00:00',6,4),(172,33,7244.49,'2023-05-13 00:00:00',2,7),(173,55,5866.44,'2023-04-03 00:00:00',8,8),(174,50,4748.00,'2023-10-24 00:00:00',1,6),(175,19,2746.13,'2023-09-12 00:00:00',5,3),(176,90,1426.78,'2023-11-26 00:00:00',5,5),(177,18,6957.10,'2023-09-21 00:00:00',8,8),(178,49,3416.82,'2023-06-22 00:00:00',6,2),(179,27,9559.38,'2023-09-09 00:00:00',10,1),(180,30,4566.04,'2023-12-15 00:00:00',6,4),(181,90,4565.47,'2023-11-04 00:00:00',2,9),(182,83,364.79,'2023-04-29 00:00:00',1,5),(183,60,5906.72,'2023-03-25 00:00:00',6,8),(184,95,1588.72,'2023-06-24 00:00:00',1,8),(185,12,8451.34,'2023-10-12 00:00:00',2,3),(186,16,6036.29,'2023-07-14 00:00:00',5,4),(187,19,5487.58,'2023-11-09 00:00:00',3,6),(188,16,7766.20,'2023-03-10 00:00:00',5,5),(189,96,5219.23,'2023-04-13 00:00:00',1,5),(190,85,1803.68,'2023-12-22 00:00:00',5,9),(191,53,7748.99,'2023-08-26 00:00:00',6,8),(192,3,6862.97,'2023-06-12 00:00:00',6,1),(193,76,212.38,'2023-12-27 00:00:00',3,1),(194,90,7536.71,'2023-04-15 00:00:00',4,5),(195,65,948.22,'2023-07-28 00:00:00',5,4),(196,80,706.23,'2023-02-10 00:00:00',8,9),(197,75,3768.18,'2023-05-23 00:00:00',3,7),(198,48,8591.16,'2023-04-24 00:00:00',4,7),(199,44,7724.52,'2023-08-23 00:00:00',9,6),(200,52,1582.43,'2023-07-08 00:00:00',4,6),(201,78,6267.30,'2023-11-07 00:00:00',6,1),(202,7,3700.39,'2023-01-17 00:00:00',7,4),(203,85,4391.18,'2023-08-24 00:00:00',10,4),(204,74,8389.12,'2023-01-29 00:00:00',10,8),(205,30,279.42,'2023-08-26 00:00:00',9,3),(206,17,3379.87,'2023-05-31 00:00:00',6,9),(207,27,5584.47,'2023-01-24 00:00:00',10,1),(208,37,2315.62,'2023-02-04 00:00:00',6,10),(209,98,406.51,'2023-09-16 00:00:00',2,7),(210,62,312.68,'2023-07-20 00:00:00',2,5),(211,87,5431.40,'2023-05-20 00:00:00',3,2),(212,79,8478.99,'2023-10-27 00:00:00',2,2),(213,45,680.65,'2023-02-24 00:00:00',1,4),(214,56,4372.92,'2023-06-03 00:00:00',4,5),(215,47,707.21,'2023-05-28 00:00:00',10,8),(216,38,5445.19,'2023-10-28 00:00:00',3,8),(217,31,3127.81,'2023-11-14 00:00:00',1,3),(218,57,3746.36,'2023-08-29 00:00:00',3,7),(219,35,6602.28,'2023-07-04 00:00:00',4,1),(220,44,533.03,'2023-01-28 00:00:00',9,6),(221,64,2237.90,'2023-09-14 00:00:00',6,2),(222,88,2701.20,'2023-12-10 00:00:00',8,4),(223,70,6831.88,'2023-03-05 00:00:00',5,1),(224,18,4238.40,'2023-07-18 00:00:00',7,10),(225,10,1772.12,'2023-10-08 00:00:00',3,2),(226,31,3667.01,'2023-01-01 00:00:00',8,7),(227,75,9698.05,'2023-07-06 00:00:00',5,9),(228,1,5083.63,'2023-09-21 00:00:00',9,6),(229,98,8378.31,'2023-09-09 00:00:00',10,2),(230,50,8914.88,'2023-10-14 00:00:00',5,7),(231,28,4127.43,'2023-01-27 00:00:00',5,9),(232,63,731.75,'2023-03-14 00:00:00',10,1),(233,77,4649.58,'2023-08-01 00:00:00',7,4),(234,30,3325.11,'2023-10-11 00:00:00',10,5),(235,63,5301.41,'2023-05-10 00:00:00',2,4),(236,82,4186.45,'2023-09-23 00:00:00',3,9),(237,19,259.49,'2023-09-01 00:00:00',4,10),(238,34,2061.66,'2023-10-21 00:00:00',4,3),(239,46,3993.51,'2023-08-02 00:00:00',8,8),(240,96,4586.71,'2023-01-03 00:00:00',8,4),(241,98,9519.83,'2023-04-12 00:00:00',9,9),(242,87,3120.31,'2023-07-24 00:00:00',4,1),(243,77,7824.92,'2023-03-09 00:00:00',8,3),(244,43,9127.10,'2023-01-22 00:00:00',10,10),(245,53,1823.20,'2023-10-14 00:00:00',6,6),(246,88,3800.54,'2023-08-14 00:00:00',1,10),(247,10,6616.71,'2023-01-11 00:00:00',4,4),(248,89,6216.00,'2023-03-31 00:00:00',9,7),(249,100,6602.30,'2023-02-25 00:00:00',9,5),(250,26,6969.59,'2023-07-12 00:00:00',1,2),(251,84,1636.43,'2023-03-21 00:00:00',4,3),(252,66,6899.88,'2023-03-21 00:00:00',7,1),(253,93,6874.07,'2023-07-02 00:00:00',1,2),(254,34,3399.92,'2023-04-12 00:00:00',7,2),(255,43,3079.41,'2023-03-15 00:00:00',3,8),(256,99,6474.52,'2023-01-23 00:00:00',10,9),(257,74,8703.04,'2023-07-21 00:00:00',4,8),(258,22,7141.66,'2023-09-03 00:00:00',4,6),(259,1,9667.44,'2023-08-10 00:00:00',10,1),(260,98,2326.96,'2023-06-12 00:00:00',9,8),(261,6,3148.79,'2023-05-03 00:00:00',8,7),(262,100,3772.80,'2023-03-25 00:00:00',2,7),(263,74,2942.43,'2023-08-02 00:00:00',10,1),(264,88,6810.27,'2023-03-21 00:00:00',10,4),(265,43,5098.74,'2023-02-18 00:00:00',1,5),(266,44,5642.35,'2023-06-21 00:00:00',6,4),(267,92,5585.88,'2023-05-20 00:00:00',1,2),(268,45,8812.75,'2023-11-03 00:00:00',6,7),(269,1,8192.30,'2023-07-25 00:00:00',8,6),(270,21,3264.77,'2023-12-14 00:00:00',9,3),(271,8,6521.05,'2023-04-26 00:00:00',10,4),(272,53,1088.35,'2023-02-18 00:00:00',5,8),(273,24,3264.03,'2023-07-30 00:00:00',1,6),(274,74,4844.80,'2023-02-04 00:00:00',8,4),(275,10,8247.16,'2023-04-30 00:00:00',6,2),(276,30,975.04,'2023-04-27 00:00:00',4,9),(277,12,1552.57,'2023-03-27 00:00:00',4,7),(278,58,9369.73,'2023-03-25 00:00:00',9,5),(279,95,8784.91,'2023-11-13 00:00:00',8,3),(280,42,893.37,'2023-12-01 00:00:00',5,2),(281,67,5370.02,'2023-11-27 00:00:00',8,7),(282,26,6370.92,'2023-04-16 00:00:00',8,7),(283,57,4714.60,'2023-02-20 00:00:00',1,9),(284,61,898.01,'2023-09-04 00:00:00',2,3),(285,20,8954.77,'2023-09-26 00:00:00',6,7),(286,54,8962.47,'2023-06-06 00:00:00',10,10),(287,3,4556.86,'2023-05-10 00:00:00',7,3),(288,81,1279.93,'2023-03-01 00:00:00',6,10),(289,76,5829.68,'2023-01-28 00:00:00',3,1),(290,79,7011.36,'2023-10-02 00:00:00',2,4),(291,16,2364.75,'2023-08-29 00:00:00',7,9),(292,31,1277.64,'2023-10-11 00:00:00',9,3),(293,4,7719.69,'2023-11-09 00:00:00',1,5),(294,79,8714.62,'2023-11-25 00:00:00',6,10),(295,82,5223.05,'2023-04-30 00:00:00',1,8),(296,35,2038.02,'2023-02-01 00:00:00',6,4),(297,76,9324.52,'2023-01-18 00:00:00',5,7),(298,4,6022.28,'2023-01-01 00:00:00',4,10),(299,46,5878.17,'2023-09-20 00:00:00',10,2),(300,62,8374.75,'2023-05-17 00:00:00',10,2),(301,8,5128.61,'2023-06-01 00:00:00',8,3),(302,20,1805.76,'2023-07-21 00:00:00',5,7),(303,42,4497.11,'2023-12-30 00:00:00',8,6),(304,13,2345.09,'2023-01-06 00:00:00',1,4),(305,89,6132.12,'2023-12-16 00:00:00',10,3),(306,34,752.38,'2023-06-19 00:00:00',6,7),(307,42,5159.07,'2023-07-06 00:00:00',10,5),(308,67,6534.51,'2023-02-04 00:00:00',9,8),(309,93,3671.05,'2023-01-07 00:00:00',3,10),(310,7,2780.38,'2023-12-30 00:00:00',6,7),(311,50,1541.82,'2023-04-05 00:00:00',6,10),(312,62,433.24,'2023-03-20 00:00:00',4,4),(313,100,4344.62,'2023-08-02 00:00:00',10,4),(314,54,8328.13,'2023-06-01 00:00:00',3,6),(315,95,6977.21,'2023-10-08 00:00:00',7,9),(316,78,3373.50,'2023-09-07 00:00:00',9,9),(317,39,3660.93,'2023-02-26 00:00:00',6,9),(318,72,9206.93,'2023-03-07 00:00:00',9,10),(319,35,4126.15,'2023-06-09 00:00:00',6,6),(320,19,3836.87,'2023-05-01 00:00:00',4,9),(321,63,1778.62,'2023-08-10 00:00:00',9,8),(322,78,7668.72,'2023-03-23 00:00:00',4,9),(323,29,355.82,'2023-03-25 00:00:00',4,7),(324,2,4447.35,'2023-11-02 00:00:00',1,8),(325,34,1008.14,'2023-07-09 00:00:00',3,6),(326,94,5527.75,'2023-05-06 00:00:00',3,5),(327,62,1937.51,'2023-04-27 00:00:00',2,4),(328,100,5152.86,'2023-07-17 00:00:00',6,5),(329,40,4317.69,'2023-12-25 00:00:00',10,6),(330,79,2092.07,'2023-10-29 00:00:00',3,10),(331,13,3519.63,'2023-03-17 00:00:00',1,1),(332,93,1573.38,'2023-05-19 00:00:00',5,7),(333,2,3041.47,'2023-02-05 00:00:00',3,3),(334,44,3668.21,'2023-01-02 00:00:00',7,5),(335,90,3860.50,'2023-11-08 00:00:00',4,1),(336,73,4036.21,'2023-07-07 00:00:00',5,2),(337,28,345.63,'2023-03-27 00:00:00',7,8),(338,94,4501.62,'2023-05-02 00:00:00',8,10),(339,5,9738.51,'2023-08-07 00:00:00',3,8),(340,26,1171.86,'2023-06-11 00:00:00',1,2),(341,65,1249.13,'2023-02-28 00:00:00',4,5),(342,87,8635.52,'2023-06-21 00:00:00',6,3),(343,43,7864.86,'2023-04-15 00:00:00',3,5),(344,39,6917.21,'2023-02-28 00:00:00',3,9),(345,34,4613.71,'2023-04-13 00:00:00',4,10),(346,99,5260.46,'2023-08-17 00:00:00',4,6),(347,54,6965.30,'2023-09-15 00:00:00',7,1),(348,8,6933.54,'2023-11-27 00:00:00',1,8),(349,88,4442.85,'2023-03-19 00:00:00',2,3),(350,24,8460.78,'2023-12-06 00:00:00',4,3),(351,21,674.76,'2023-09-09 00:00:00',7,9),(352,54,4884.06,'2023-07-07 00:00:00',1,3),(353,89,602.24,'2023-05-29 00:00:00',10,10),(354,100,1419.45,'2023-07-11 00:00:00',6,4),(355,12,6848.61,'2023-11-09 00:00:00',3,5),(356,55,2975.03,'2023-09-04 00:00:00',4,9),(357,58,9201.55,'2023-09-28 00:00:00',6,8),(358,10,5670.40,'2023-11-04 00:00:00',7,2),(359,66,6332.89,'2023-01-19 00:00:00',7,7),(360,3,3433.58,'2023-10-29 00:00:00',9,6),(361,45,7246.80,'2023-02-03 00:00:00',8,4),(362,8,4368.37,'2023-05-23 00:00:00',1,6),(363,26,6706.05,'2023-09-22 00:00:00',8,6),(364,2,9640.15,'2023-12-19 00:00:00',2,10),(365,94,9752.36,'2023-02-05 00:00:00',2,5),(366,43,1653.95,'2023-11-20 00:00:00',5,7),(367,2,3854.17,'2023-07-20 00:00:00',10,8),(368,96,2173.69,'2023-09-08 00:00:00',1,2),(369,92,7460.38,'2023-02-09 00:00:00',3,3),(370,57,761.38,'2023-03-16 00:00:00',8,3),(371,29,5325.70,'2023-08-09 00:00:00',1,8),(372,44,5391.39,'2023-09-16 00:00:00',9,5),(373,3,3515.40,'2023-12-28 00:00:00',10,7),(374,48,5639.60,'2023-06-17 00:00:00',1,5),(375,79,4189.31,'2023-02-22 00:00:00',5,3),(376,45,1265.39,'2023-07-22 00:00:00',2,3),(377,79,8575.89,'2023-02-27 00:00:00',2,4),(378,21,460.09,'2023-03-13 00:00:00',3,9),(379,28,8540.21,'2023-03-24 00:00:00',8,7),(380,89,8524.19,'2023-03-19 00:00:00',6,8),(381,15,368.52,'2023-03-29 00:00:00',10,6),(382,42,3537.60,'2023-02-27 00:00:00',10,6),(383,12,9054.97,'2023-08-15 00:00:00',1,10),(384,27,2762.86,'2023-05-13 00:00:00',10,5),(385,67,4741.88,'2023-07-25 00:00:00',2,6),(386,11,5429.44,'2023-08-20 00:00:00',7,7),(387,35,3786.49,'2023-05-17 00:00:00',9,3),(388,31,5015.41,'2023-07-31 00:00:00',3,8),(389,55,3873.25,'2023-05-28 00:00:00',7,7),(390,53,5078.72,'2023-02-02 00:00:00',9,3),(391,14,189.42,'2023-10-04 00:00:00',1,6),(392,68,3503.81,'2023-09-28 00:00:00',4,1),(393,68,2821.10,'2023-12-02 00:00:00',4,8),(394,63,3472.96,'2023-05-14 00:00:00',8,1),(395,53,9930.50,'2023-01-16 00:00:00',4,7),(396,1,3750.31,'2023-12-21 00:00:00',5,7),(397,39,4364.24,'2023-04-25 00:00:00',10,1),(398,53,6054.48,'2023-03-16 00:00:00',10,3),(399,73,3810.08,'2023-12-23 00:00:00',8,5),(400,35,6349.80,'2023-02-01 00:00:00',7,10),(401,95,5746.91,'2023-03-22 00:00:00',7,8),(402,89,2536.26,'2023-10-31 00:00:00',6,5),(403,84,6007.34,'2023-04-22 00:00:00',9,2),(404,70,381.62,'2023-07-22 00:00:00',10,9),(405,17,8888.87,'2023-11-24 00:00:00',3,5),(406,78,121.00,'2023-06-19 00:00:00',8,5),(407,66,934.01,'2023-10-03 00:00:00',10,3),(408,14,8828.79,'2023-12-30 00:00:00',5,4),(409,80,8924.84,'2023-05-03 00:00:00',1,5),(410,73,8090.25,'2023-04-23 00:00:00',4,5),(411,37,3034.57,'2023-10-04 00:00:00',7,2),(412,48,8193.55,'2023-06-15 00:00:00',7,6),(413,25,4141.61,'2023-06-26 00:00:00',6,2),(414,13,5262.52,'2023-08-18 00:00:00',8,7),(415,97,1766.85,'2023-06-18 00:00:00',3,2),(416,46,9208.29,'2023-12-28 00:00:00',9,7),(417,36,5579.01,'2023-05-01 00:00:00',4,6),(418,51,9699.87,'2023-07-18 00:00:00',9,6),(419,93,968.02,'2023-04-24 00:00:00',10,4),(420,2,553.70,'2023-10-16 00:00:00',10,2),(421,100,5387.07,'2023-04-02 00:00:00',8,4),(422,47,7149.30,'2023-11-05 00:00:00',1,1),(423,84,891.57,'2023-01-22 00:00:00',3,10),(424,27,5806.60,'2023-05-02 00:00:00',8,10),(425,35,4487.53,'2023-08-15 00:00:00',5,1),(426,6,6577.60,'2023-07-02 00:00:00',2,6),(427,66,7194.51,'2023-12-30 00:00:00',1,2),(428,76,4726.88,'2023-06-23 00:00:00',6,2),(429,55,8744.39,'2023-12-16 00:00:00',3,3),(430,18,8380.56,'2023-03-08 00:00:00',1,9),(431,89,5339.39,'2023-10-16 00:00:00',5,8),(432,58,3901.53,'2023-01-20 00:00:00',10,1),(433,77,2462.74,'2023-05-15 00:00:00',6,6),(434,1,3223.58,'2023-03-29 00:00:00',1,5),(435,34,9438.44,'2023-12-24 00:00:00',6,2),(436,11,3328.74,'2023-05-02 00:00:00',6,3),(437,3,4415.09,'2023-08-22 00:00:00',7,3),(438,14,5229.56,'2023-10-23 00:00:00',1,4),(439,75,8995.45,'2023-11-19 00:00:00',6,5),(440,36,4681.76,'2023-11-09 00:00:00',1,10),(441,74,5706.44,'2023-04-27 00:00:00',7,10),(442,27,6039.64,'2023-02-01 00:00:00',3,5),(443,70,7458.70,'2023-01-18 00:00:00',9,8),(444,26,2141.02,'2023-01-10 00:00:00',1,9),(445,76,4673.58,'2023-06-24 00:00:00',10,5),(446,16,5557.74,'2023-01-01 00:00:00',1,2),(447,99,6477.61,'2023-06-09 00:00:00',3,1),(448,40,5747.53,'2023-03-14 00:00:00',4,3),(449,21,8335.15,'2023-05-09 00:00:00',8,1),(450,67,5322.98,'2023-10-04 00:00:00',8,5),(451,12,3335.14,'2023-02-18 00:00:00',9,10),(452,66,5236.03,'2023-06-06 00:00:00',2,3),(453,76,9137.29,'2023-02-01 00:00:00',3,9),(454,54,6105.98,'2023-01-27 00:00:00',10,10),(455,65,7026.39,'2023-10-27 00:00:00',4,1),(456,19,8956.77,'2023-10-01 00:00:00',2,5),(457,43,6064.02,'2023-09-16 00:00:00',5,4),(458,38,4149.31,'2023-02-24 00:00:00',9,7),(459,27,9717.34,'2023-11-08 00:00:00',1,2),(460,60,4020.59,'2023-11-24 00:00:00',9,4),(461,30,9351.89,'2023-04-24 00:00:00',1,10),(462,72,5986.77,'2023-09-04 00:00:00',1,10),(463,87,5717.71,'2023-09-25 00:00:00',8,4),(464,53,6625.16,'2023-07-19 00:00:00',8,10),(465,25,90.19,'2023-10-17 00:00:00',2,4),(466,74,4479.74,'2023-02-28 00:00:00',8,9),(467,7,2403.46,'2023-08-08 00:00:00',8,2),(468,94,6031.70,'2023-02-15 00:00:00',5,4),(469,80,9414.51,'2023-07-06 00:00:00',9,9),(470,38,9104.18,'2023-05-05 00:00:00',5,2),(471,31,5922.96,'2023-03-09 00:00:00',9,4),(472,69,8339.05,'2023-09-26 00:00:00',4,8),(473,17,2864.77,'2023-12-20 00:00:00',4,9),(474,39,6861.89,'2023-12-20 00:00:00',10,2),(475,20,1144.22,'2023-09-04 00:00:00',4,9),(476,66,4517.59,'2023-01-31 00:00:00',8,5),(477,38,3127.78,'2023-08-11 00:00:00',1,1),(478,43,9848.11,'2023-12-11 00:00:00',10,6),(479,65,1583.25,'2023-12-19 00:00:00',9,10),(480,58,3801.60,'2023-03-04 00:00:00',10,3),(481,100,4382.37,'2023-02-28 00:00:00',2,4),(482,56,5335.99,'2023-02-17 00:00:00',4,7),(483,14,9778.01,'2023-11-11 00:00:00',7,5),(484,98,8716.22,'2023-12-27 00:00:00',8,7),(485,38,2323.02,'2023-01-02 00:00:00',5,10),(486,53,8869.87,'2023-07-30 00:00:00',5,9),(487,16,8030.51,'2023-09-17 00:00:00',7,5),(488,60,4804.29,'2023-12-09 00:00:00',5,1),(489,25,6616.03,'2023-03-22 00:00:00',6,10),(490,25,8598.66,'2023-12-13 00:00:00',10,4),(491,25,2533.78,'2023-04-12 00:00:00',4,6),(492,28,1551.57,'2023-09-10 00:00:00',9,4),(493,7,4590.50,'2023-11-11 00:00:00',1,10),(494,32,2996.51,'2023-12-28 00:00:00',3,7),(495,74,8217.91,'2023-12-06 00:00:00',4,8),(496,54,8890.13,'2023-06-02 00:00:00',7,1),(497,89,9580.94,'2023-01-21 00:00:00',4,8),(498,39,9674.16,'2023-01-30 00:00:00',3,2),(499,2,2523.20,'2023-02-17 00:00:00',1,4),(500,67,8103.05,'2023-06-16 00:00:00',3,7);
/*!40000 ALTER TABLE `supply_orders` ENABLE KEYS */;
UNLOCK TABLES;

--
-- Current Database: `retail`
--

USE `retail`;

--
-- Final view structure for view `customerpurchasesummary`
--

/*!50001 DROP VIEW IF EXISTS `customerpurchasesummary`*/;
/*!50001 SET @saved_cs_client          = @@character_set_client */;
/*!50001 SET @saved_cs_results         = @@character_set_results */;
/*!50001 SET @saved_col_connection     = @@collation_connection */;
/*!50001 SET character_set_client      = utf8mb4 */;
/*!50001 SET character_set_results     = utf8mb4 */;
/*!50001 SET collation_connection      = utf8mb4_general_ci */;
/*!50001 CREATE ALGORITHM=UNDEFINED */
/*!50013 DEFINER=`root`@`localhost` SQL SECURITY DEFINER */
/*!50001 VIEW `customerpurchasesummary` AS select `c`.`customer_id` AS `customer_id`,`c`.`name` AS `customer_name`,count(`s`.`sale_id`) AS `total_purchases`,sum(`si`.`amount`) AS `total_spent` from ((`customers` `c` join `sales` `s` on(`c`.`customer_id` = `s`.`customer_id`)) join `sales_item` `si` on(`s`.`sale_id` = `si`.`sale_id`)) group by `c`.`customer_id`,`c`.`name` */;
/*!50001 SET character_set_client      = @saved_cs_client */;
/*!50001 SET character_set_results     = @saved_cs_results */;
/*!50001 SET collation_connection      = @saved_col_connection */;

--
-- Final view structure for view `productsupplyoverview`
--

/*!50001 DROP VIEW IF EXISTS `productsupplyoverview`*/;
/*!50001 SET @saved_cs_client          = @@character_set_client */;
/*!50001 SET @saved_cs_results         = @@character_set_results */;
/*!50001 SET @saved_col_connection     = @@collation_connection */;
/*!50001 SET character_set_client      = utf8mb4 */;
/*!50001 SET character_set_results     = utf8mb4 */;
/*!50001 SET collation_connection      = utf8mb4_general_ci */;
/*!50001 CREATE ALGORITHM=UNDEFINED */
/*!50013 DEFINER=`root`@`localhost` SQL SECURITY DEFINER */
/*!50001 VIEW `productsupplyoverview` AS select `p`.`product_id` AS `product_id`,`p`.`name` AS `product_name`,`s`.`name` AS `supplier_name`,`so`.`date` AS `date`,`so`.`quantity` AS `quantity` from ((`products` `p` join `supply_orders` `so` on(`p`.`product_id` = `so`.`product_id`)) join `suppliers` `s` on(`so`.`supplier_id` = `s`.`supplier_id`)) */;
/*!50001 SET character_set_client      = @saved_cs_client */;
/*!50001 SET character_set_results     = @saved_cs_results */;
/*!50001 SET collation_connection      = @saved_col_connection */;
/*!40103 SET TIME_ZONE=@OLD_TIME_ZONE */;

/*!40101 SET SQL_MODE=@OLD_SQL_MODE */;
/*!40014 SET FOREIGN_KEY_CHECKS=@OLD_FOREIGN_KEY_CHECKS */;
/*!40014 SET UNIQUE_CHECKS=@OLD_UNIQUE_CHECKS */;
/*!40101 SET CHARACTER_SET_CLIENT=@OLD_CHARACTER_SET_CLIENT */;
/*!40101 SET CHARACTER_SET_RESULTS=@OLD_CHARACTER_SET_RESULTS */;
/*!40101 SET COLLATION_CONNECTION=@OLD_COLLATION_CONNECTION */;
/*!40111 SET SQL_NOTES=@OLD_SQL_NOTES */;

-- Dump completed on 2024-02-25  6:29:08
